Year,2017
January-2017,00:00:00,01:00:00,02:00:00,03:00:00,04:00:00,05:00:00,06:00:00,07:00:00,08:00:00,09:00:00,10:00:00,11:00:00,12:00:00,13:00:00,14:00:00,15:00:00,16:00:00,17:00:00,18:00:00,19:00:00,20:00:00,21:00:00,22:00:00,23:00:00
"
"
February-2017,00:00:00,01:00:00,02:00:00,03:00:00,04:00:00,05:00:00,06:00:00,07:00:00,08:00:00,09:00:00,10:00:00,11:00:00,12:00:00,13:00:00,14:00:00,15:00:00,16:00:00,17:00:00,18:00:00,19:00:00,20:00:00,21:00:00,22:00:00,23:00:00
"
"
March-2017,00:00:00,01:00:00,02:00:00,03:00:00,04:00:00,05:00:00,06:00:00,07:00:00,08:00:00,09:00:00,10:00:00,11:00:00,12:00:00,13:00:00,14:00:00,15:00:00,16:00:00,17:00:00,18:00:00,19:00:00,20:00:00,21:00:00,22:00:00,23:00:00
"
"
April-2017,00:00:00,01:00:00,02:00:00,03:00:00,04:00:00,05:00:00,06:00:00,07:00:00,08:00:00,09:00:00,10:00:00,11:00:00,12:00:00,13:00:00,14:00:00,15:00:00,16:00:00,17:00:00,18:00:00,19:00:00,20:00:00,21:00:00,22:00:00,23:00:00
"
"
May-2017,00:00:00,01:00:00,02:00:00,03:00:00,04:00:00,05:00:00,06:00:00,07:00:00,08:00:00,09:00:00,10:00:00,11:00:00,12:00:00,13:00:00,14:00:00,15:00:00,16:00:00,17:00:00,18:00:00,19:00:00,20:00:00,21:00:00,22:00:00,23:00:00
"
"
June-2017,00:00:00,01:00:00,02:00:00,03:00:00,04:00:00,05:00:00,06:00:00,07:00:00,08:00:00,09:00:00,10:00:00,11:00:00,12:00:00,13:00:00,14:00:00,15:00:00,16:00:00,17:00:00,18:00:00,19:00:00,20:00:00,21:00:00,22:00:00,23:00:00
"
"
July-2017,00:00:00,01:00:00,02:00:00,03:00:00,04:00:00,05:00:00,06:00:00,07:00:00,08:00:00,09:00:00,10:00:00,11:00:00,12:00:00,13:00:00,14:00:00,15:00:00,16:00:00,17:00:00,18:00:00,19:00:00,20:00:00,21:00:00,22:00:00,23:00:00
"
"
August-2017,00:00:00,01:00:00,02:00:00,03:00:00,04:00:00,05:00:00,06:00:00,07:00:00,08:00:00,09:00:00,10:00:00,11:00:00,12:00:00,13:00:00,14:00:00,15:00:00,16:00:00,17:00:00,18:00:00,19:00:00,20:00:00,21:00:00,22:00:00,23:00:00
"
"
September-2017,00:00:00,01:00:00,02:00:00,03:00:00,04:00:00,05:00:00,06:00:00,07:00:00,08:00:00,09:00:00,10:00:00,11:00:00,12:00:00,13:00:00,14:00:00,15:00:00,16:00:00,17:00:00,18:00:00,19:00:00,20:00:00,21:00:00,22:00:00,23:00:00
"
"
October-2017,00:00:00,01:00:00,02:00:00,03:00:00,04:00:00,05:00:00,06:00:00,07:00:00,08:00:00,09:00:00,10:00:00,11:00:00,12:00:00,13:00:00,14:00:00,15:00:00,16:00:00,17:00:00,18:00:00,19:00:00,20:00:00,21:00:00,22:00:00,23:00:00
"
"
November-2017,00:00:00,01:00:00,02:00:00,03:00:00,04:00:00,05:00:00,06:00:00,07:00:00,08:00:00,09:00:00,10:00:00,11:00:00,12:00:00,13:00:00,14:00:00,15:00:00,16:00:00,17:00:00,18:00:00,19:00:00,20:00:00,21:00:00,22:00:00,23:00:00
"
"
December-2017,00:00:00,01:00:00,02:00:00,03:00:00,04:00:00,05:00:00,06:00:00,07:00:00,08:00:00,09:00:00,10:00:00,11:00:00,12:00:00,13:00:00,14:00:00,15:00:00,16:00:00,17:00:00,18:00:00,19:00:00,20:00:00,21:00:00,22:00:00,23:00:00
"
"
Year,2018
January-2018,00:00:00,01:00:00,02:00:00,03:00:00,04:00:00,05:00:00,06:00:00,07:00:00,08:00:00,09:00:00,10:00:00,11:00:00,12:00:00,13:00:00,14:00:00,15:00:00,16:00:00,17:00:00,18:00:00,19:00:00,20:00:00,21:00:00,22:00:00,23:00:00
"
"
February-2018,00:00:00,01:00:00,02:00:00,03:00:00,04:00:00,05:00:00,06:00:00,07:00:00,08:00:00,09:00:00,10:00:00,11:00:00,12:00:00,13:00:00,14:00:00,15:00:00,16:00:00,17:00:00,18:00:00,19:00:00,20:00:00,21:00:00,22:00:00,23:00:00
"
"
March-2018,00:00:00,01:00:00,02:00:00,03:00:00,04:00:00,05:00:00,06:00:00,07:00:00,08:00:00,09:00:00,10:00:00,11:00:00,12:00:00,13:00:00,14:00:00,15:00:00,16:00:00,17:00:00,18:00:00,19:00:00,20:00:00,21:00:00,22:00:00,23:00:00
"
"
April-2018,00:00:00,01:00:00,02:00:00,03:00:00,04:00:00,05:00:00,06:00:00,07:00:00,08:00:00,09:00:00,10:00:00,11:00:00,12:00:00,13:00:00,14:00:00,15:00:00,16:00:00,17:00:00,18:00:00,19:00:00,20:00:00,21:00:00,22:00:00,23:00:00
"
"
May-2018,00:00:00,01:00:00,02:00:00,03:00:00,04:00:00,05:00:00,06:00:00,07:00:00,08:00:00,09:00:00,10:00:00,11:00:00,12:00:00,13:00:00,14:00:00,15:00:00,16:00:00,17:00:00,18:00:00,19:00:00,20:00:00,21:00:00,22:00:00,23:00:00
"
"
June-2018,00:00:00,01:00:00,02:00:00,03:00:00,04:00:00,05:00:00,06:00:00,07:00:00,08:00:00,09:00:00,10:00:00,11:00:00,12:00:00,13:00:00,14:00:00,15:00:00,16:00:00,17:00:00,18:00:00,19:00:00,20:00:00,21:00:00,22:00:00,23:00:00
"
"
July-2018,00:00:00,01:00:00,02:00:00,03:00:00,04:00:00,05:00:00,06:00:00,07:00:00,08:00:00,09:00:00,10:00:00,11:00:00,12:00:00,13:00:00,14:00:00,15:00:00,16:00:00,17:00:00,18:00:00,19:00:00,20:00:00,21:00:00,22:00:00,23:00:00
"
"
August-2018,00:00:00,01:00:00,02:00:00,03:00:00,04:00:00,05:00:00,06:00:00,07:00:00,08:00:00,09:00:00,10:00:00,11:00:00,12:00:00,13:00:00,14:00:00,15:00:00,16:00:00,17:00:00,18:00:00,19:00:00,20:00:00,21:00:00,22:00:00,23:00:00
"
"
September-2018,00:00:00,01:00:00,02:00:00,03:00:00,04:00:00,05:00:00,06:00:00,07:00:00,08:00:00,09:00:00,10:00:00,11:00:00,12:00:00,13:00:00,14:00:00,15:00:00,16:00:00,17:00:00,18:00:00,19:00:00,20:00:00,21:00:00,22:00:00,23:00:00
"
"
October-2018,00:00:00,01:00:00,02:00:00,03:00:00,04:00:00,05:00:00,06:00:00,07:00:00,08:00:00,09:00:00,10:00:00,11:00:00,12:00:00,13:00:00,14:00:00,15:00:00,16:00:00,17:00:00,18:00:00,19:00:00,20:00:00,21:00:00,22:00:00,23:00:00
"
"
November-2018,00:00:00,01:00:00,02:00:00,03:00:00,04:00:00,05:00:00,06:00:00,07:00:00,08:00:00,09:00:00,10:00:00,11:00:00,12:00:00,13:00:00,14:00:00,15:00:00,16:00:00,17:00:00,18:00:00,19:00:00,20:00:00,21:00:00,22:00:00,23:00:00
"
"
December-2018,00:00:00,01:00:00,02:00:00,03:00:00,04:00:00,05:00:00,06:00:00,07:00:00,08:00:00,09:00:00,10:00:00,11:00:00,12:00:00,13:00:00,14:00:00,15:00:00,16:00:00,17:00:00,18:00:00,19:00:00,20:00:00,21:00:00,22:00:00,23:00:00
"
"
Year,2019
January-2019,00:00:00,01:00:00,02:00:00,03:00:00,04:00:00,05:00:00,06:00:00,07:00:00,08:00:00,09:00:00,10:00:00,11:00:00,12:00:00,13:00:00,14:00:00,15:00:00,16:00:00,17:00:00,18:00:00,19:00:00,20:00:00,21:00:00,22:00:00,23:00:00
"
"
February-2019,00:00:00,01:00:00,02:00:00,03:00:00,04:00:00,05:00:00,06:00:00,07:00:00,08:00:00,09:00:00,10:00:00,11:00:00,12:00:00,13:00:00,14:00:00,15:00:00,16:00:00,17:00:00,18:00:00,19:00:00,20:00:00,21:00:00,22:00:00,23:00:00
"
"
March-2019,00:00:00,01:00:00,02:00:00,03:00:00,04:00:00,05:00:00,06:00:00,07:00:00,08:00:00,09:00:00,10:00:00,11:00:00,12:00:00,13:00:00,14:00:00,15:00:00,16:00:00,17:00:00,18:00:00,19:00:00,20:00:00,21:00:00,22:00:00,23:00:00
"
"
April-2019,00:00:00,01:00:00,02:00:00,03:00:00,04:00:00,05:00:00,06:00:00,07:00:00,08:00:00,09:00:00,10:00:00,11:00:00,12:00:00,13:00:00,14:00:00,15:00:00,16:00:00,17:00:00,18:00:00,19:00:00,20:00:00,21:00:00,22:00:00,23:00:00
"
"
May-2019,00:00:00,01:00:00,02:00:00,03:00:00,04:00:00,05:00:00,06:00:00,07:00:00,08:00:00,09:00:00,10:00:00,11:00:00,12:00:00,13:00:00,14:00:00,15:00:00,16:00:00,17:00:00,18:00:00,19:00:00,20:00:00,21:00:00,22:00:00,23:00:00
"
"
June-2019,00:00:00,01:00:00,02:00:00,03:00:00,04:00:00,05:00:00,06:00:00,07:00:00,08:00:00,09:00:00,10:00:00,11:00:00,12:00:00,13:00:00,14:00:00,15:00:00,16:00:00,17:00:00,18:00:00,19:00:00,20:00:00,21:00:00,22:00:00,23:00:00
"
"
July-2019,00:00:00,01:00:00,02:00:00,03:00:00,04:00:00,05:00:00,06:00:00,07:00:00,08:00:00,09:00:00,10:00:00,11:00:00,12:00:00,13:00:00,14:00:00,15:00:00,16:00:00,17:00:00,18:00:00,19:00:00,20:00:00,21:00:00,22:00:00,23:00:00
"
"
August-2019,00:00:00,01:00:00,02:00:00,03:00:00,04:00:00,05:00:00,06:00:00,07:00:00,08:00:00,09:00:00,10:00:00,11:00:00,12:00:00,13:00:00,14:00:00,15:00:00,16:00:00,17:00:00,18:00:00,19:00:00,20:00:00,21:00:00,22:00:00,23:00:00
"
"
September-2019,00:00:00,01:00:00,02:00:00,03:00:00,04:00:00,05:00:00,06:00:00,07:00:00,08:00:00,09:00:00,10:00:00,11:00:00,12:00:00,13:00:00,14:00:00,15:00:00,16:00:00,17:00:00,18:00:00,19:00:00,20:00:00,21:00:00,22:00:00,23:00:00
"
"
October-2019,00:00:00,01:00:00,02:00:00,03:00:00,04:00:00,05:00:00,06:00:00,07:00:00,08:00:00,09:00:00,10:00:00,11:00:00,12:00:00,13:00:00,14:00:00,15:00:00,16:00:00,17:00:00,18:00:00,19:00:00,20:00:00,21:00:00,22:00:00,23:00:00
"
"
November-2019,00:00:00,01:00:00,02:00:00,03:00:00,04:00:00,05:00:00,06:00:00,07:00:00,08:00:00,09:00:00,10:00:00,11:00:00,12:00:00,13:00:00,14:00:00,15:00:00,16:00:00,17:00:00,18:00:00,19:00:00,20:00:00,21:00:00,22:00:00,23:00:00
"
"
December-2019,00:00:00,01:00:00,02:00:00,03:00:00,04:00:00,05:00:00,06:00:00,07:00:00,08:00:00,09:00:00,10:00:00,11:00:00,12:00:00,13:00:00,14:00:00,15:00:00,16:00:00,17:00:00,18:00:00,19:00:00,20:00:00,21:00:00,22:00:00,23:00:00
"
"
Year,2020
January-2020,00:00:00,01:00:00,02:00:00,03:00:00,04:00:00,05:00:00,06:00:00,07:00:00,08:00:00,09:00:00,10:00:00,11:00:00,12:00:00,13:00:00,14:00:00,15:00:00,16:00:00,17:00:00,18:00:00,19:00:00,20:00:00,21:00:00,22:00:00,23:00:00
"
"
February-2020,00:00:00,01:00:00,02:00:00,03:00:00,04:00:00,05:00:00,06:00:00,07:00:00,08:00:00,09:00:00,10:00:00,11:00:00,12:00:00,13:00:00,14:00:00,15:00:00,16:00:00,17:00:00,18:00:00,19:00:00,20:00:00,21:00:00,22:00:00,23:00:00
"
"
March-2020,00:00:00,01:00:00,02:00:00,03:00:00,04:00:00,05:00:00,06:00:00,07:00:00,08:00:00,09:00:00,10:00:00,11:00:00,12:00:00,13:00:00,14:00:00,15:00:00,16:00:00,17:00:00,18:00:00,19:00:00,20:00:00,21:00:00,22:00:00,23:00:00
"
"
April-2020,00:00:00,01:00:00,02:00:00,03:00:00,04:00:00,05:00:00,06:00:00,07:00:00,08:00:00,09:00:00,10:00:00,11:00:00,12:00:00,13:00:00,14:00:00,15:00:00,16:00:00,17:00:00,18:00:00,19:00:00,20:00:00,21:00:00,22:00:00,23:00:00
"
"
May-2020,00:00:00,01:00:00,02:00:00,03:00:00,04:00:00,05:00:00,06:00:00,07:00:00,08:00:00,09:00:00,10:00:00,11:00:00,12:00:00,13:00:00,14:00:00,15:00:00,16:00:00,17:00:00,18:00:00,19:00:00,20:00:00,21:00:00,22:00:00,23:00:00
"
"
June-2020,00:00:00,01:00:00,02:00:00,03:00:00,04:00:00,05:00:00,06:00:00,07:00:00,08:00:00,09:00:00,10:00:00,11:00:00,12:00:00,13:00:00,14:00:00,15:00:00,16:00:00,17:00:00,18:00:00,19:00:00,20:00:00,21:00:00,22:00:00,23:00:00
"
"
July-2020,00:00:00,01:00:00,02:00:00,03:00:00,04:00:00,05:00:00,06:00:00,07:00:00,08:00:00,09:00:00,10:00:00,11:00:00,12:00:00,13:00:00,14:00:00,15:00:00,16:00:00,17:00:00,18:00:00,19:00:00,20:00:00,21:00:00,22:00:00,23:00:00
"
"
August-2020,00:00:00,01:00:00,02:00:00,03:00:00,04:00:00,05:00:00,06:00:00,07:00:00,08:00:00,09:00:00,10:00:00,11:00:00,12:00:00,13:00:00,14:00:00,15:00:00,16:00:00,17:00:00,18:00:00,19:00:00,20:00:00,21:00:00,22:00:00,23:00:00
"
"
September-2020,00:00:00,01:00:00,02:00:00,03:00:00,04:00:00,05:00:00,06:00:00,07:00:00,08:00:00,09:00:00,10:00:00,11:00:00,12:00:00,13:00:00,14:00:00,15:00:00,16:00:00,17:00:00,18:00:00,19:00:00,20:00:00,21:00:00,22:00:00,23:00:00
"
"
October-2020,00:00:00,01:00:00,02:00:00,03:00:00,04:00:00,05:00:00,06:00:00,07:00:00,08:00:00,09:00:00,10:00:00,11:00:00,12:00:00,13:00:00,14:00:00,15:00:00,16:00:00,17:00:00,18:00:00,19:00:00,20:00:00,21:00:00,22:00:00,23:00:00
"
"
November-2020,00:00:00,01:00:00,02:00:00,03:00:00,04:00:00,05:00:00,06:00:00,07:00:00,08:00:00,09:00:00,10:00:00,11:00:00,12:00:00,13:00:00,14:00:00,15:00:00,16:00:00,17:00:00,18:00:00,19:00:00,20:00:00,21:00:00,22:00:00,23:00:00
1,,,,,,,,,,,,,,,,,,,,,,,,
2,,,,,,,,,,,,,,,,,,,,,,,,
3,,,,,,,,,,,,,,,,,,,,,,,,
4,,,,,,,,,,,,,,,,,,,,,,,,
5,,,,,,,,,,,,,,,,,,,,,,,,
6,,,,,,,,,,,,,,,,,,,,,,,,
7,,,,,,,,,,,,,,,,,,,,,,,,
8,,,,,,,,,,,,,,,,,,,,,,,,
9,,,,,,,,,,,,,,,,,,,,,,,,
10,,,,,,,,,,,,,,,,,,,,,,,,
11,,,,,,,,,,,,,,,,,,,,,,,,
12,,,,,,,,,,,,,,,,,,,,,,,,
13,,,,,,,,,,,,,,,,,,,,,,,,
14,,,,,,,,,,,,,,,68.0,52.0,54.0,76.0,37.0,67.0,92.0,79.0,81.0,73.0
15,54.0,54.0,47.0,41.0,68.0,56.0,50.0,74.0,,,,,,,,,,,,,,,,
16,,,,,,,,,,,,,,,,,,,,,,,,
17,,,,,,,,,,,,,,,106.0,,85.0,95.0,97.0,96.0,92.0,83.0,90.0,89.0
18,80.0,84.0,90.0,90.0,85.0,69.0,69.0,71.0,77.0,92.0,157.0,200.0,208.0,138.0,112.0,84.0,84.0,111.0,121.0,138.0,183.0,182.0,257.0,282.0
19,206.0,219.0,266.0,289.0,237.0,188.0,186.0,216.0,192.0,216.0,300.0,280.0,,,,,129.0,62.0,78.0,149.0,197.0,169.0,135.0,143.0
20,129.0,148.0,112.0,76.0,90.0,125.0,120.0,105.0,134.0,155.0,221.0,239.0,196.0,178.0,163.0,,,,,,,,,
21,,,,,,,,,,,,,122.0,77.0,71.0,55.0,65.0,58.0,66.0,107.0,82.0,143.0,93.0,142.0
22,82.0,65.0,77.0,57.0,52.0,72.0,67.0,62.0,85.0,89.0,94.0,94.0,66.0,66.0,67.0,50.0,53.0,49.0,43.0,59.0,87.0,90.0,91.0,92.0
23,109.0,90.0,94.0,118.0,112.0,137.0,96.0,119.0,158.0,153.0,171.0,92.0,92.0,64.0,51.0,45.0,61.0,,108.0,318.0,227.0,202.0,217.0,174.0
24,207.0,261.0,261.0,212.0,133.0,150.0,94.0,156.0,133.0,169.0,223.0,276.0,224.0,181.0,95.0,70.0,82.0,72.0,67.0,83.0,102.0,97.0,145.0,162.0
25,173.0,,,,,,,,,,,,,,,,,,,,,,,
"
"
December-2020,00:00:00,01:00:00,02:00:00,03:00:00,04:00:00,05:00:00,06:00:00,07:00:00,08:00:00,09:00:00,10:00:00,11:00:00,12:00:00,13:00:00,14:00:00,15:00:00,16:00:00,17:00:00,18:00:00,19:00:00,20:00:00,21:00:00,22:00:00,23:00:00
1,173.0,148.0,165.0,161.0,156.0,171.0,87.0,87.0,90.0,86.0,149.0,167.0,,,,94.0,66.0,68.0,54.0,68.0,90.0,135.0,142.0,206.0
2,242.0,236.0,220.0,195.0,167.0,156.0,144.0,168.0,208.0,282.0,,311.0,247.0,176.0,154.0,58.0,81.0,88.0,95.0,93.0,132.0,98.0,111.0,127.0
3,134.0,140.0,149.0,110.0,166.0,157.0,101.0,146.0,290.0,318.0,331.0,308.0,,,106.0,69.0,86.0,87.0,,,,,,376.0
4,344.0,325.0,279.0,197.0,,124.0,114.0,156.0,205.0,229.0,312.0,326.0,277.0,208.0,188.0,88.0,91.0,100.0,90.0,89.0,143.0,225.0,233.0,233.0
5,249.0,223.0,258.0,196.0,136.0,134.0,115.0,95.0,130.0,177.0,302.0,313.0,264.0,179.0,87.0,85.0,71.0,60.0,36.0,90.0,77.0,163.0,132.0,144.0
6,185.0,124.0,135.0,93.0,91.0,96.0,121.0,111.0,124.0,188.0,323.0,331.0,269.0,197.0,179.0,129.0,95.0,84.0,64.0,70.0,112.0,117.0,144.0,188.0
7,291.0,294.0,239.0,115.0,134.0,111.0,79.0,85.0,95.0,280.0,319.0,312.0,236.0,224.0,162.0,97.0,93.0,88.0,,,,,,
8,,,,,,,,,189.0,264.0,306.0,310.0,157.0,156.0,106.0,84.0,61.0,65.0,58.0,72.0,106.0,128.0,182.0,246.0
9,280.0,279.0,238.0,239.0,253.0,170.0,196.0,289.0,302.0,313.0,257.0,229.0,180.0,113.0,104.0,74.0,74.0,69.0,52.0,59.0,120.0,124.0,180.0,169.0
10,153.0,160.0,129.0,103.0,78.0,112.0,77.0,80.0,95.0,116.0,157.0,149.0,171.0,149.0,97.0,64.0,67.0,67.0,57.0,57.0,,80.0,128.0,167.0
11,121.0,140.0,154.0,175.0,153.0,165.0,170.0,186.0,142.0,260.0,,,,,,,,,,,,,,
12,,167.0,171.0,141.0,160.0,182.0,154.0,216.0,204.0,171.0,208.0,193.0,124.0,129.0,87.0,72.0,84.0,110.0,77.0,85.0,188.0,159.0,189.0,145.0
13,140.0,153.0,128.0,118.0,104.0,168.0,149.0,149.0,196.0,199.0,169.0,174.0,247.0,,,,,,,,,,,
14,,,,,,,,150.0,163.0,147.0,178.0,134.0,,,,,,,,,,,,
15,,,,,,,,,,239.0,239.0,,,,,,,,,,,,,
16,,,,,,,,,,307.0,326.0,306.0,301.0,185.0,160.0,81.0,94.0,81.0,75.0,82.0,106.0,186.0,213.0,225.0
17,184.0,124.0,201.0,127.0,133.0,96.0,109.0,130.0,151.0,172.0,263.0,243.0,190.0,138.0,107.0,69.0,71.0,64.0,,,,,,
18,,,,,,,,,,225.0,297.0,268.0,173.0,179.0,97.0,66.0,62.0,52.0,61.0,55.0,83.0,135.0,171.0,209.0
19,265.0,227.0,236.0,234.0,228.0,209.0,191.0,154.0,196.0,,366.0,331.0,288.0,202.0,176.0,135.0,130.0,124.0,108.0,103.0,138.0,155.0,185.0,167.0
20,102.0,189.0,207.0,291.0,258.0,268.0,278.0,245.0,260.0,285.0,306.0,315.0,279.0,193.0,158.0,115.0,102.0,92.0,90.0,85.0,99.0,144.0,215.0,171.0
21,172.0,172.0,230.0,166.0,133.0,88.0,93.0,98.0,234.0,299.0,322.0,267.0,,,,,,,,,,,,
22,,,,,,,,,,,,,,,,,,,,,,,,
23,,,,,,,,,,,,,,,,,,68.0,60.0,98.0,139.0,188.0,287.0,315.0
24,319.0,309.0,304.0,298.0,294.0,304.0,307.0,249.0,175.0,301.0,319.0,324.0,312.0,251.0,147.0,96.0,94.0,124.0,86.0,,,,,
25,,,,,,,,,,,,,,,,,,,,,,,,
26,,,,,,,,,,309.0,313.0,317.0,304.0,284.0,242.0,197.0,203.0,144.0,136.0,171.0,198.0,273.0,311.0,321.0
27,310.0,302.0,301.0,254.0,214.0,205.0,174.0,244.0,292.0,324.0,319.0,334.0,321.0,291.0,209.0,96.0,113.0,95.0,102.0,136.0,134.0,159.0,162.0,230.0
28,221.0,230.0,228.0,153.0,193.0,130.0,120.0,111.0,161.0,126.0,256.0,283.0,223.0,153.0,103.0,91.0,68.0,83.0,80.0,85.0,103.0,144.0,165.0,175.0
29,158.0,171.0,215.0,167.0,206.0,196.0,124.0,106.0,160.0,240.0,282.0,324.0,94.0,144.0,113.0,94.0,,,,,,,,
30,,,,,,,,,,,,,,,,,,,,,,,,
31,,,,,,,,,,321.0,302.0,308.0,,300.0,148.0,117.0,,,,,,,,
"
"
Year,2021
January-2021,00:00:00,01:00:00,02:00:00,03:00:00,04:00:00,05:00:00,06:00:00,07:00:00,08:00:00,09:00:00,10:00:00,11:00:00,12:00:00,13:00:00,14:00:00,15:00:00,16:00:00,17:00:00,18:00:00,19:00:00,20:00:00,21:00:00,22:00:00,23:00:00
1,,,,,,,,,,151.0,200.0,221.0,178.0,152.0,134.0,92.0,93.0,98.0,86.0,90.0,181.0,214.0,194.0,288.0
2,296.0,312.0,274.0,237.0,261.0,231.0,189.0,199.0,239.0,214.0,222.0,252.0,206.0,187.0,128.0,82.0,53.0,74.0,67.0,83.0,116.0,171.0,236.0,310.0
3,318.0,326.0,321.0,315.0,308.0,290.0,258.0,307.0,290.0,313.0,320.0,275.0,244.0,182.0,126.0,87.0,82.0,94.0,74.0,75.0,91.0,170.0,256.0,279.0
4,304.0,296.0,309.0,316.0,308.0,,323.0,330.0,303.0,222.0,298.0,271.0,206.0,187.0,147.0,105.0,136.0,155.0,99.0,124.0,197.0,202.0,222.0,203.0
5,207.0,176.0,108.0,147.0,147.0,,,117.0,279.0,161.0,171.0,207.0,164.0,164.0,173.0,124.0,130.0,156.0,128.0,115.0,130.0,121.0,226.0,
6,,,,,,,,,,,,171.0,,,,,,,,,,,,
7,,,,,,,,,,,,,,,,,,,,,,,,
8,,,,,,,,,,,,,,,58.0,55.0,47.0,52.0,60.0,74.0,76.0,74.0,57.0,48.0
9,49.0,52.0,48.0,49.0,45.0,45.0,42.0,46.0,72.0,82.0,62.0,63.0,57.0,49.0,49.0,50.0,45.0,47.0,13.0,6.0,5.0,5.0,5.0,4.0
10,5.0,5.0,5.0,5.0,5.0,4.0,4.0,5.0,5.0,5.0,5.0,9.0,12.0,34.0,39.0,37.0,43.0,40.0,46.0,91.0,89.0,85.0,76.0,102.0
11,55.0,42.0,46.0,45.0,40.0,40.0,50.0,62.0,61.0,68.0,44.0,47.0,44.0,46.0,37.0,33.0,57.0,62.0,48.0,69.0,88.0,107.0,137.0,93.0
12,84.0,61.0,96.0,78.0,87.0,79.0,62.0,66.0,89.0,116.0,284.0,291.0,207.0,158.0,110.0,97.0,70.0,98.0,,,,,,
13,,,,,,,,,,198.0,258.0,282.0,274.0,203.0,95.0,42.0,60.0,63.0,48.0,50.0,81.0,86.0,134.0,123.0
14,115.0,103.0,122.0,88.0,78.0,83.0,89.0,99.0,111.0,178.0,194.0,266.0,212.0,,,,,,,,,,,
15,,,,,,,,,,145.0,181.0,202.0,185.0,172.0,123.0,109.0,95.0,64.0,54.0,81.0,94.0,70.0,79.0,102.0
16,88.0,100.0,136.0,166.0,117.0,111.0,92.0,148.0,211.0,197.0,249.0,201.0,177.0,163.0,181.0,94.0,,,,,,,,
17,,,,,,,,,,,,,,246.0,156.0,99.0,98.0,80.0,61.0,85.0,63.0,75.0,97.0,146.0
18,157.0,161.0,152.0,136.0,151.0,156.0,117.0,159.0,192.0,235.0,244.0,250.0,226.0,194.0,133.0,94.0,107.0,103.0,111.0,102.0,98.0,119.0,126.0,158.0
19,116.0,147.0,191.0,135.0,162.0,148.0,96.0,110.0,173.0,216.0,307.0,311.0,312.0,306.0,249.0,214.0,165.0,114.0,118.0,108.0,127.0,93.0,111.0,166.0
20,158.0,151.0,123.0,124.0,105.0,116.0,101.0,104.0,184.0,182.0,215.0,216.0,128.0,97.0,94.0,65.0,88.0,60.0,59.0,74.0,93.0,115.0,101.0,111.0
21,85.0,83.0,102.0,94.0,94.0,96.0,84.0,83.0,138.0,208.0,167.0,214.0,115.0,83.0,75.0,55.0,47.0,58.0,46.0,57.0,70.0,114.0,114.0,169.0
22,171.0,181.0,209.0,243.0,248.0,232.0,229.0,211.0,233.0,304.0,312.0,279.0,226.0,172.0,175.0,94.0,102.0,81.0,89.0,99.0,138.0,169.0,193.0,176.0
23,218.0,218.0,171.0,197.0,241.0,246.0,253.0,271.0,301.0,330.0,331.0,327.0,300.0,237.0,156.0,134.0,118.0,146.0,140.0,145.0,164.0,142.0,183.0,
24,,,,,,,,,200.0,,307.0,300.0,227.0,178.0,70.0,91.0,94.0,91.0,74.0,88.0,96.0,128.0,106.0,153.0
25,133.0,152.0,134.0,115.0,97.0,146.0,97.0,126.0,136.0,153.0,229.0,288.0,274.0,192.0,151.0,90.0,97.0,114.0,99.0,76.0,166.0,165.0,226.0,239.0
26,233.0,225.0,272.0,234.0,264.0,198.0,232.0,186.0,241.0,261.0,274.0,306.0,198.0,118.0,86.0,71.0,73.0,55.0,,110.0,37.0,42.0,30.0,54.0
27,73.0,56.0,51.0,48.0,44.0,44.0,50.0,54.0,90.0,102.0,73.0,304.0,330.0,307.0,255.0,176.0,97.0,79.0,65.0,67.0,75.0,109.0,165.0,183.0
28,184.0,199.0,204.0,197.0,211.0,225.0,221.0,218.0,298.0,320.0,329.0,325.0,322.0,,126.0,80.0,89.0,75.0,59.0,140.0,186.0,205.0,216.0,209.0
29,210.0,227.0,214.0,224.0,189.0,161.0,158.0,176.0,215.0,278.0,309.0,291.0,,,,,,,,93.0,85.0,100.0,160.0,187.0
30,179.0,195.0,218.0,177.0,156.0,149.0,145.0,,309.0,312.0,314.0,305.0,147.0,94.0,91.0,96.0,100.0,89.0,116.0,167.0,178.0,186.0,183.0,173.0
31,161.0,159.0,164.0,175.0,155.0,136.0,166.0,165.0,157.0,253.0,311.0,325.0,314.0,265.0,209.0,154.0,132.0,116.0,115.0,136.0,183.0,264.0,237.0,182.0
"
"
February-2021,00:00:00,01:00:00,02:00:00,03:00:00,04:00:00,05:00:00,06:00:00,07:00:00,08:00:00,09:00:00,10:00:00,11:00:00,12:00:00,13:00:00,14:00:00,15:00:00,16:00:00,17:00:00,18:00:00,19:00:00,20:00:00,21:00:00,22:00:00,23:00:00
1,182.0,198.0,221.0,226.0,196.0,179.0,190.0,225.0,303.0,307.0,303.0,297.0,267.0,209.0,172.0,159.0,110.0,92.0,89.0,103.0,131.0,204.0,254.0,234.0
2,222.0,217.0,181.0,141.0,132.0,122.0,134.0,147.0,153.0,231.0,297.0,242.0,225.0,176.0,134.0,117.0,97.0,94.0,,,,,,
3,,,,,,,,,,262.0,311.0,311.0,285.0,209.0,134.0,97.0,82.0,79.0,76.0,82.0,90.0,107.0,148.0,206.0
4,229.0,225.0,217.0,199.0,182.0,231.0,249.0,248.0,278.0,310.0,310.0,303.0,258.0,183.0,95.0,72.0,44.0,40.0,56.0,70.0,93.0,157.0,181.0,174.0
5,197.0,240.0,260.0,248.0,241.0,242.0,235.0,260.0,300.0,321.0,328.0,304.0,226.0,175.0,126.0,94.0,83.0,74.0,76.0,81.0,94.0,101.0,121.0,90.0
6,94.0,129.0,116.0,110.0,130.0,118.0,123.0,137.0,173.0,266.0,308.0,278.0,185.0,115.0,93.0,83.0,79.0,81.0,89.0,87.0,69.0,73.0,90.0,94.0
7,102.0,109.0,97.0,96.0,101.0,122.0,139.0,142.0,161.0,274.0,310.0,290.0,230.0,,163.0,112.0,79.0,,,,,,,
8,,,,,,,,,156.0,232.0,301.0,258.0,213.0,160.0,114.0,107.0,82.0,57.0,67.0,91.0,93.0,122.0,139.0,103.0
9,98.0,109.0,117.0,115.0,97.0,73.0,,,,375.0,376.0,,,,,,,,,,,,,
10,,,,,,,,170.0,,301.0,314.0,304.0,253.0,203.0,137.0,114.0,106.0,85.0,88.0,95.0,112.0,137.0,192.0,210.0
11,197.0,192.0,179.0,194.0,219.0,186.0,181.0,188.0,206.0,302.0,322.0,306.0,214.0,167.0,,,,,,,,,,
12,,,,,,,,,,329.0,356.0,336.0,305.0,216.0,121.0,117.0,108.0,86.0,100.0,117.0,168.0,183.0,158.0,191.0
13,248.0,287.0,281.0,268.0,265.0,258.0,239.0,310.0,334.0,345.0,344.0,335.0,316.0,296.0,192.0,115.0,87.0,82.0,99.0,96.0,135.0,148.0,162.0,156.0
14,175.0,197.0,216.0,241.0,253.0,270.0,242.0,283.0,285.0,307.0,321.0,309.0,299.0,245.0,174.0,130.0,94.0,80.0,99.0,102.0,99.0,160.0,202.0,184.0
15,176.0,181.0,169.0,163.0,157.0,204.0,207.0,251.0,303.0,309.0,315.0,298.0,257.0,184.0,150.0,131.0,111.0,108.0,132.0,123.0,113.0,126.0,168.0,181.0
16,186.0,207.0,197.0,188.0,195.0,189.0,204.0,216.0,249.0,304.0,307.0,266.0,225.0,195.0,172.0,151.0,135.0,,,,,,,
17,,,,,,,,,,236.0,215.0,212.0,163.0,111.0,86.0,74.0,77.0,77.0,92.0,93.0,125.0,156.0,192.0,166.0
18,212.0,197.0,157.0,148.0,152.0,124.0,143.0,180.0,165.0,193.0,202.0,191.0,153.0,142.0,93.0,76.0,74.0,,,,,,,
19,,,,,,,,,,,,,,,,,,,75.0,85.0,119.0,133.0,151.0,211.0
20,239.0,209.0,173.0,203.0,228.0,243.0,255.0,253.0,263.0,312.0,318.0,272.0,178.0,134.0,97.0,96.0,85.0,64.0,63.0,70.0,59.0,86.0,113.0,108.0
21,94.0,123.0,136.0,139.0,134.0,158.0,178.0,177.0,219.0,247.0,238.0,184.0,126.0,112.0,99.0,87.0,87.0,83.0,89.0,78.0,91.0,203.0,252.0,219.0
22,210.0,207.0,195.0,193.0,177.0,154.0,141.0,132.0,134.0,233.0,248.0,216.0,169.0,126.0,98.0,84.0,86.0,82.0,79.0,82.0,92.0,114.0,171.0,192.0
23,204.0,213.0,182.0,150.0,157.0,166.0,182.0,200.0,232.0,298.0,300.0,266.0,205.0,151.0,117.0,90.0,78.0,67.0,72.0,76.0,82.0,142.0,195.0,214.0
24,219.0,,,,,,,,,247.0,306.0,307.0,266.0,194.0,151.0,116.0,125.0,114.0,91.0,,,,,
25,,,,,,,,,,,,,,,,,,,,,,,,
26,,,,,,,,,,,,,,,,,,,,,,,,
27,,,,,,,,,,,,,,,,,,,,,,,,
28,,,,,,,,,,,,,,,,,,,,,,,,
"
"
March-2021,00:00:00,01:00:00,02:00:00,03:00:00,04:00:00,05:00:00,06:00:00,07:00:00,08:00:00,09:00:00,10:00:00,11:00:00,12:00:00,13:00:00,14:00:00,15:00:00,16:00:00,17:00:00,18:00:00,19:00:00,20:00:00,21:00:00,22:00:00,23:00:00
1,,,,,,,,,,,,,,,,,,,,,,,,
2,,,,,,,,,,,,,,,,,,,,,,,,
3,,,,,,,,,,,,,,,,,,,,,,,,
4,,,,,,,,,,,,,,,,,,,,,,,,
5,,,,,,,,,,,,,,,,,,,,,,,,
6,,,,,,,,,,,,,,,,,,,,,,,,
7,,,,,,,,,,,,,,,,,,,,,,,,
8,,,,,,,,,,,,,,,,,,,,,,,,
9,,,,,,,,,,,,,,,,,,,,,,,,
10,,,,,,,,,,,,,,,,,,,,,,,,
11,,,,,,,,,,,,,,,,,,,,,,,,
12,,,,,,,,,,,,,,,,,,,,,,,,
13,,,,,,,,,,,,,,,,,,,,,,,,
14,,,,,,,,,,,,,,,,,,,,,,,,
15,,,,,,,,,,,,,,,,,,,,,,,,
16,,,,,,,,,,,,,,,,,,,,,,,,
17,,,,,,,,,,,,,,,,,,,,,,,,
18,,,,,,,,,,,,,,,,,,,,,,,,
19,,,,,,,,,,,,,,,,,,,,,,,,
20,,,,,,,,,,,,,,,,,,,,,,,,
21,,,,,,,,,,,,,,,,,,,,,,,,
22,,,,,,,,,,,,,,,,,,,,,,,,
23,,,,,,,,,,,,,,,,,,,,,,,,
24,,,,,,,,,,,,,,,,,,,,,,,,
25,,,,,,,,,,,,,,,,,,,,,,,,
26,,,,,,,,,,,,,,,,,,,,,,,,
27,,,,,,,,,,,,,,,,,,,,,,,,
28,,,,,,,,,,,,,,,,,,,,,,,,
29,,,,,,,,,,,,,,,,,,,,,,,,
30,,,,,,,,,,,,,,,,,,,,,,,,
31,,,,,,,,,,,,,,,,,,,,,70.0,50.0,39.0,
"
"
April-2021,00:00:00,01:00:00,02:00:00,03:00:00,04:00:00,05:00:00,06:00:00,07:00:00,08:00:00,09:00:00,10:00:00,11:00:00,12:00:00,13:00:00,14:00:00,15:00:00,16:00:00,17:00:00,18:00:00,19:00:00,20:00:00,21:00:00,22:00:00,23:00:00
1,,,,,,,,,,,49.0,56.0,40.0,34.0,35.0,36.0,42.0,,,,,,,
2,,,,,,,,58.0,63.0,55.0,55.0,63.0,74.0,71.0,74.0,70.0,72.0,72.0,70.0,71.0,79.0,81.0,84.0,79.0
3,74.0,72.0,72.0,72.0,71.0,73.0,71.0,79.0,82.0,126.0,119.0,230.0,215.0,115.0,97.0,87.0,95.0,102.0,105.0,,273.0,196.0,153.0,155.0
4,124.0,97.0,99.0,82.0,74.0,86.0,91.0,87.0,,120.0,183.0,164.0,105.0,96.0,99.0,104.0,107.0,,,,131.0,139.0,136.0,144.0
5,118.0,102.0,103.0,95.0,94.0,96.0,84.0,87.0,100.0,134.0,174.0,173.0,130.0,85.0,83.0,83.0,77.0,73.0,73.0,84.0,104.0,112.0,101.0,98.0
6,92.0,83.0,81.0,85.0,90.0,76.0,81.0,89.0,118.0,234.0,305.0,263.0,146.0,96.0,94.0,84.0,82.0,86.0,91.0,101.0,116.0,137.0,120.0,100.0
7,85.0,72.0,72.0,77.0,83.0,89.0,87.0,77.0,97.0,166.0,221.0,219.0,92.0,69.0,68.0,70.0,69.0,77.0,80.0,86.0,104.0,119.0,120.0,149.0
8,162.0,124.0,103.0,102.0,91.0,96.0,113.0,133.0,132.0,131.0,141.0,161.0,128.0,104.0,124.0,123.0,104.0,98.0,,,,,,
9,,,,,,,,,,,,,,,,,,68.0,98.0,99.0,100.0,101.0,104.0,118.0
10,122.0,104.0,121.0,153.0,130.0,135.0,132.0,131.0,171.0,183.0,186.0,170.0,134.0,,,,,,,,,,,
11,,,,,,,,,,,171.0,157.0,124.0,99.0,101.0,92.0,85.0,87.0,74.0,74.0,78.0,,,
12,,,,,,,,115.0,138.0,148.0,151.0,151.0,141.0,119.0,102.0,86.0,80.0,98.0,103.0,71.0,68.0,61.0,47.0,68.0
13,79.0,81.0,85.0,83.0,71.0,75.0,93.0,100.0,109.0,140.0,,,,,,,,,,,,,,
14,,,,,,,,,,126.0,119.0,135.0,138.0,101.0,90.0,79.0,69.0,77.0,82.0,80.0,82.0,85.0,76.0,74.0
15,83.0,84.0,79.0,87.0,89.0,88.0,85.0,86.0,101.0,115.0,114.0,122.0,,,61.0,68.0,59.0,57.0,54.0,58.0,73.0,85.0,87.0,87.0
16,86.0,100.0,102.0,101.0,124.0,151.0,125.0,126.0,140.0,131.0,129.0,115.0,95.0,85.0,,,,,,,,,,
17,,,,,,,,,,,,,,,,,,74.0,50.0,225.0,268.0,191.0,150.0,104.0
18,89.0,89.0,84.0,83.0,86.0,94.0,102.0,114.0,120.0,166.0,160.0,114.0,102.0,81.0,76.0,71.0,66.0,71.0,64.0,66.0,85.0,98.0,94.0,88.0
19,86.0,83.0,95.0,102.0,99.0,103.0,109.0,103.0,107.0,128.0,115.0,,,,,,,,,,,,,
20,,,,,,,,,,,97.0,95.0,75.0,72.0,72.0,64.0,58.0,70.0,79.0,85.0,91.0,84.0,81.0,86.0
21,89.0,90.0,83.0,65.0,74.0,83.0,67.0,71.0,85.0,83.0,,98.0,,,,,,,,,,,,
22,,,,,,,,,,,,,,,,,43.0,,41.0,41.0,46.0,54.0,58.0,66.0
23,63.0,60.0,63.0,55.0,53.0,52.0,58.0,59.0,64.0,74.0,66.0,64.0,59.0,59.0,49.0,50.0,52.0,50.0,52.0,46.0,37.0,19.0,22.0,21.0
24,24.0,24.0,23.0,29.0,23.0,25.0,23.0,26.0,,,14.0,20.0,31.0,26.0,33.0,28.0,29.0,31.0,28.0,28.0,26.0,19.0,25.0,239.0
25,198.0,136.0,80.0,139.0,148.0,158.0,137.0,108.0,127.0,146.0,20.0,16.0,21.0,23.0,24.0,26.0,26.0,21.0,25.0,14.0,23.0,17.0,19.0,20.0
26,23.0,27.0,27.0,30.0,28.0,30.0,32.0,26.0,30.0,34.0,29.0,18.0,23.0,23.0,125.0,287.0,35.0,21.0,55.0,88.0,127.0,119.0,93.0,88.0
27,85.0,97.0,92.0,70.0,58.0,54.0,55.0,56.0,68.0,83.0,45.0,24.0,84.0,81.0,44.0,44.0,55.0,64.0,76.0,60.0,52.0,58.0,60.0,62.0
28,62.0,67.0,54.0,47.0,44.0,44.0,75.0,61.0,78.0,73.0,84.0,62.0,51.0,47.0,54.0,49.0,46.0,43.0,52.0,,,,,
29,,,,,,,,,77.0,77.0,74.0,,,,,,39.0,49.0,124.0,,344.0,241.0,56.0,60.0
30,72.0,59.0,50.0,47.0,45.0,43.0,51.0,54.0,55.0,84.0,70.0,55.0,,52.0,,,,,,,,,,
"
"
May-2021,00:00:00,01:00:00,02:00:00,03:00:00,04:00:00,05:00:00,06:00:00,07:00:00,08:00:00,09:00:00,10:00:00,11:00:00,12:00:00,13:00:00,14:00:00,15:00:00,16:00:00,17:00:00,18:00:00,19:00:00,20:00:00,21:00:00,22:00:00,23:00:00
1,,,,,,,,,59.0,69.0,58.0,54.0,55.0,54.0,56.0,58.0,78.0,,,,,,,
2,,,,,,,,,,,,,,57.0,71.0,41.0,41.0,80.0,96.0,68.0,55.0,54.0,57.0,61.0
3,66.0,66.0,65.0,60.0,59.0,62.0,60.0,72.0,81.0,68.0,70.0,54.0,58.0,66.0,,,54.0,58.0,,,,,,
4,,,,,,,,,,136.0,92.0,84.0,62.0,61.0,54.0,46.0,66.0,67.0,62.0,96.0,82.0,82.0,94.0,91.0
5,73.0,94.0,92.0,97.0,100.0,89.0,80.0,96.0,117.0,95.0,129.0,93.0,90.0,85.0,70.0,,85.0,64.0,63.0,67.0,86.0,73.0,84.0,106.0
6,102.0,100.0,88.0,82.0,84.0,94.0,70.0,84.0,140.0,126.0,132.0,,134.0,141.0,103.0,77.0,93.0,67.0,71.0,93.0,98.0,74.0,112.0,96.0
7,81.0,82.0,80.0,79.0,71.0,75.0,64.0,70.0,77.0,83.0,81.0,90.0,72.0,92.0,73.0,64.0,76.0,63.0,67.0,78.0,232.0,113.0,138.0,124.0
8,91.0,97.0,97.0,81.0,81.0,74.0,75.0,97.0,101.0,82.0,102.0,88.0,75.0,69.0,94.0,69.0,81.0,72.0,78.0,83.0,82.0,92.0,94.0,95.0
9,79.0,77.0,80.0,83.0,82.0,78.0,75.0,78.0,79.0,82.0,97.0,94.0,68.0,199.0,96.0,84.0,68.0,93.0,90.0,91.0,91.0,96.0,83.0,78.0
10,73.0,74.0,66.0,67.0,63.0,70.0,74.0,87.0,76.0,77.0,96.0,,70.0,75.0,80.0,63.0,59.0,69.0,,88.0,137.0,134.0,99.0,100.0
11,76.0,83.0,68.0,61.0,65.0,,,,,81.0,80.0,94.0,70.0,70.0,63.0,68.0,71.0,69.0,74.0,66.0,78.0,74.0,74.0,75.0
12,74.0,73.0,80.0,70.0,80.0,113.0,83.0,88.0,85.0,71.0,70.0,74.0,66.0,66.0,61.0,60.0,62.0,64.0,70.0,72.0,74.0,73.0,72.0,86.0
13,74.0,81.0,77.0,78.0,65.0,70.0,64.0,70.0,70.0,123.0,,46.0,,,62.0,70.0,67.0,71.0,71.0,78.0,82.0,81.0,88.0,78.0
14,77.0,78.0,81.0,75.0,74.0,75.0,74.0,78.0,79.0,84.0,81.0,75.0,76.0,79.0,73.0,74.0,73.0,108.0,155.0,91.0,92.0,79.0,60.0,93.0
15,78.0,84.0,77.0,80.0,,94.0,75.0,70.0,68.0,77.0,86.0,84.0,,,,79.0,75.0,76.0,,,,,,
16,,,,,,,,,,,,,,,,,,,74.0,82.0,74.0,70.0,65.0,63.0
17,62.0,62.0,59.0,59.0,59.0,59.0,58.0,61.0,68.0,74.0,77.0,74.0,64.0,65.0,69.0,74.0,85.0,48.0,,,,,,
18,,,,,,,,,,,,,,,,,,,,,,,,
19,,,,,,,,,84.0,78.0,80.0,97.0,93.0,78.0,,,,,,,,,,
20,,96.0,100.0,91.0,99.0,80.0,78.0,92.0,89.0,103.0,94.0,,,,80.0,84.0,79.0,108.0,95.0,,,,,
21,,,,,,,,,,146.0,75.0,68.0,70.0,72.0,107.0,93.0,110.0,85.0,69.0,81.0,84.0,89.0,98.0,82.0
22,80.0,82.0,103.0,89.0,89.0,108.0,83.0,80.0,97.0,104.0,81.0,100.0,73.0,75.0,75.0,61.0,72.0,86.0,65.0,84.0,87.0,93.0,91.0,93.0
23,80.0,79.0,74.0,67.0,91.0,67.0,77.0,65.0,74.0,80.0,64.0,88.0,68.0,70.0,75.0,59.0,54.0,79.0,63.0,64.0,70.0,78.0,71.0,77.0
24,73.0,72.0,82.0,62.0,67.0,65.0,77.0,75.0,78.0,85.0,77.0,74.0,59.0,65.0,126.0,88.0,79.0,,,,,,,
25,,,,,,,,,,,,74.0,76.0,79.0,80.0,73.0,70.0,69.0,64.0,73.0,74.0,73.0,80.0,76.0
26,69.0,62.0,77.0,65.0,68.0,57.0,61.0,61.0,61.0,65.0,69.0,69.0,45.0,66.0,65.0,58.0,,,,,,,,
27,,,,,,,,,,,,,69.0,69.0,68.0,57.0,52.0,61.0,64.0,62.0,66.0,57.0,79.0,67.0
28,55.0,60.0,52.0,52.0,51.0,53.0,52.0,54.0,61.0,57.0,55.0,57.0,56.0,58.0,58.0,57.0,68.0,77.0,59.0,58.0,79.0,61.0,62.0,70.0
29,73.0,69.0,60.0,59.0,61.0,57.0,54.0,57.0,61.0,67.0,71.0,,61.0,63.0,,54.0,67.0,71.0,60.0,,,122.0,75.0,59.0
30,60.0,63.0,63.0,66.0,66.0,66.0,69.0,70.0,73.0,64.0,68.0,66.0,68.0,68.0,77.0,72.0,66.0,67.0,63.0,70.0,66.0,66.0,64.0,70.0
31,66.0,61.0,61.0,62.0,58.0,58.0,60.0,69.0,70.0,70.0,70.0,68.0,69.0,62.0,60.0,59.0,63.0,,,,,,,
"
"
June-2021,00:00:00,01:00:00,02:00:00,03:00:00,04:00:00,05:00:00,06:00:00,07:00:00,08:00:00,09:00:00,10:00:00,11:00:00,12:00:00,13:00:00,14:00:00,15:00:00,16:00:00,17:00:00,18:00:00,19:00:00,20:00:00,21:00:00,22:00:00,23:00:00
1,,,,,,,,,,339.0,256.0,,,,,,,,,,,,,
2,,,,,,,41.0,60.0,46.0,60.0,51.0,46.0,,,,,,,,,,,,
3,,,,,,,,,,43.0,87.0,59.0,43.0,38.0,48.0,47.0,44.0,43.0,45.0,55.0,54.0,44.0,54.0,43.0
4,53.0,58.0,50.0,67.0,55.0,47.0,48.0,48.0,63.0,53.0,49.0,46.0,47.0,50.0,50.0,54.0,49.0,149.0,272.0,,,,,
5,,,,,,,,61.0,68.0,66.0,72.0,57.0,53.0,49.0,51.0,50.0,,,,,,,,
6,,,,,,,,,,,,,,,,,,,,,,,,
7,,,,,,,,,,47.0,42.0,35.0,66.0,42.0,50.0,43.0,36.0,37.0,36.0,39.0,42.0,43.0,47.0,42.0
8,42.0,40.0,35.0,38.0,37.0,33.0,36.0,42.0,46.0,44.0,43.0,,,,,,19.0,40.0,32.0,40.0,39.0,44.0,43.0,42.0
9,40.0,39.0,36.0,38.0,38.0,38.0,38.0,42.0,44.0,45.0,46.0,43.0,42.0,42.0,39.0,41.0,41.0,42.0,40.0,38.0,40.0,48.0,45.0,38.0
10,42.0,42.0,42.0,41.0,40.0,38.0,36.0,41.0,41.0,46.0,44.0,40.0,,,,,,,,,,,,
11,,,,,,,,,,,,,,,,,,,,,,,,
12,,,,,,,,,,,,,,,,,,,,,,,,
13,,,,,,,,,,,,,,,,,,,,,,,,
14,,,,,,,,,,,,,,,,,,,,,,,,
15,,,,,,,,,,,,,,,,,,,,,,,,
16,,,,,,,,,,,,,84.0,75.0,77.0,80.0,78.0,82.0,76.0,84.0,84.0,76.0,78.0,71.0
17,67.0,66.0,65.0,60.0,63.0,60.0,54.0,65.0,65.0,65.0,74.0,62.0,66.0,66.0,73.0,32.0,34.0,26.0,,,,,,
18,,,,,,,,,,,,,,,,,76.0,86.0,81.0,73.0,78.0,78.0,80.0,67.0
19,67.0,68.0,68.0,61.0,63.0,63.0,64.0,65.0,70.0,70.0,63.0,58.0,72.0,76.0,72.0,76.0,74.0,82.0,75.0,73.0,77.0,78.0,80.0,66.0
20,66.0,61.0,58.0,58.0,66.0,60.0,63.0,62.0,73.0,75.0,74.0,96.0,106.0,104.0,,,,,,,,,,
21,,,,,,,,,,,,,,,,,89.0,90.0,86.0,86.0,91.0,90.0,86.0,79.0
22,80.0,80.0,78.0,76.0,67.0,58.0,58.0,83.0,64.0,74.0,72.0,77.0,83.0,91.0,81.0,79.0,92.0,90.0,,,,,,
23,,,,,,,71.0,75.0,76.0,77.0,75.0,72.0,80.0,80.0,82.0,85.0,85.0,89.0,81.0,88.0,89.0,91.0,90.0,80.0
24,71.0,76.0,71.0,69.0,68.0,70.0,75.0,70.0,74.0,77.0,68.0,78.0,77.0,85.0,92.0,94.0,88.0,88.0,86.0,87.0,88.0,87.0,81.0,79.0
25,74.0,68.0,67.0,65.0,66.0,68.0,70.0,73.0,75.0,75.0,72.0,71.0,66.0,72.0,76.0,80.0,80.0,87.0,86.0,88.0,80.0,96.0,82.0,70.0
26,76.0,72.0,68.0,66.0,65.0,61.0,63.0,,68.0,73.0,69.0,66.0,,,,,,,,,,,,
27,,,,,,,,,,,,,,,,,,,,,,,,
28,,,,,,,,,,,,,,,68.0,73.0,78.0,,,,,,,
29,,,,,,,,,,,,,62.0,65.0,77.0,73.0,72.0,81.0,79.0,81.0,86.0,87.0,78.0,71.0
30,69.0,66.0,70.0,68.0,61.0,64.0,64.0,69.0,67.0,66.0,68.0,76.0,72.0,73.0,76.0,72.0,84.0,84.0,83.0,78.0,81.0,81.0,79.0,79.0
"
"
July-2021,00:00:00,01:00:00,02:00:00,03:00:00,04:00:00,05:00:00,06:00:00,07:00:00,08:00:00,09:00:00,10:00:00,11:00:00,12:00:00,13:00:00,14:00:00,15:00:00,16:00:00,17:00:00,18:00:00,19:00:00,20:00:00,21:00:00,22:00:00,23:00:00
1,76.0,68.0,70.0,69.0,68.0,72.0,72.0,68.0,72.0,73.0,75.0,78.0,80.0,85.0,85.0,79.0,85.0,,,,,,,
2,,,,,,,,,,,,,,,,,,,,,,,,
3,,,,,,,,,,,,,,,,,,,,,,,,
4,,,,,,,,,,,,,,,,,,,,,,,,
5,,,,,,,,,,,,68.0,78.0,78.0,72.0,,,,,,,,,
6,,,,,,,,,,64.0,61.0,62.0,62.0,61.0,66.0,,,,,,,,,
7,,,,,,,,,186.0,147.0,82.0,74.0,70.0,74.0,88.0,,,,,49.0,61.0,74.0,84.0,77.0
8,69.0,68.0,65.0,66.0,63.0,67.0,61.0,68.0,,,,,84.0,84.0,84.0,,,,,80.0,92.0,88.0,98.0,74.0
9,68.0,70.0,74.0,71.0,66.0,65.0,62.0,64.0,64.0,72.0,72.0,69.0,68.0,66.0,64.0,66.0,71.0,79.0,77.0,77.0,84.0,86.0,86.0,79.0
10,74.0,71.0,70.0,68.0,62.0,62.0,60.0,64.0,66.0,56.0,62.0,68.0,,,,,,,,,,,,
11,,,,,,,,,,,,,,,,,,,,,,,,
12,,53.0,54.0,60.0,51.0,50.0,50.0,52.0,57.0,57.0,47.0,50.0,51.0,46.0,50.0,58.0,59.0,66.0,66.0,70.0,,,,
13,,,,,,,,,,,,56.0,61.0,,,,66.0,64.0,,,,,,
14,,,,,,,,59.0,63.0,61.0,64.0,60.0,56.0,62.0,62.0,68.0,70.0,,,21.0,78.0,75.0,66.0,61.0
15,62.0,61.0,60.0,62.0,63.0,57.0,59.0,67.0,70.0,63.0,62.0,58.0,,,,,,66.0,67.0,71.0,73.0,73.0,70.0,70.0
16,66.0,63.0,62.0,56.0,56.0,55.0,54.0,,,106.0,,,,,,,66.0,,,,,,,
17,,56.0,55.0,54.0,55.0,59.0,54.0,58.0,59.0,53.0,54.0,61.0,61.0,66.0,68.0,70.0,72.0,72.0,72.0,72.0,76.0,76.0,72.0,70.0
18,68.0,61.0,68.0,65.0,66.0,66.0,69.0,68.0,74.0,,110.0,68.0,68.0,75.0,,,,,,,,,,
19,68.0,64.0,68.0,69.0,74.0,67.0,69.0,70.0,71.0,71.0,71.0,68.0,75.0,,,,,,72.0,78.0,75.0,88.0,72.0,64.0
20,62.0,64.0,58.0,56.0,53.0,57.0,52.0,59.0,55.0,64.0,62.0,66.0,73.0,74.0,74.0,78.0,81.0,89.0,77.0,80.0,83.0,73.0,78.0,74.0
21,69.0,67.0,70.0,72.0,69.0,70.0,72.0,72.0,79.0,73.0,75.0,77.0,,,,,,,,,,,,
22,,,,,,,,,105.0,75.0,77.0,81.0,72.0,,,,,89.0,,58.0,,,,
23,,,,,,,,,,83.0,77.0,,79.0,75.0,76.0,78.0,77.0,,,,70.0,,,
24,,,,,,,,,,,,,78.0,72.0,82.0,86.0,81.0,80.0,82.0,77.0,83.0,77.0,85.0,72.0
25,67.0,68.0,63.0,64.0,67.0,66.0,64.0,70.0,,,,71.0,122.0,,,,,,,,,,,
26,,,,,,,,,,,,68.0,81.0,82.0,78.0,81.0,82.0,82.0,84.0,82.0,82.0,79.0,76.0,71.0
27,65.0,65.0,60.0,65.0,67.0,64.0,66.0,66.0,72.0,64.0,66.0,68.0,70.0,79.0,78.0,76.0,79.0,83.0,79.0,79.0,79.0,77.0,81.0,66.0
28,63.0,62.0,59.0,60.0,64.0,62.0,59.0,65.0,58.0,61.0,60.0,66.0,67.0,70.0,68.0,75.0,76.0,,,90.0,77.0,73.0,74.0,72.0
29,64.0,66.0,65.0,67.0,57.0,61.0,58.0,63.0,68.0,68.0,66.0,69.0,,,,81.0,80.0,,,,,,,
30,,,,,,,,,,,75.0,74.0,76.0,77.0,,,,,,,,,,
31,,,,,,,,,,,,,,,,,,,,,103.0,89.0,84.0,78.0
"
"
August-2021,00:00:00,01:00:00,02:00:00,03:00:00,04:00:00,05:00:00,06:00:00,07:00:00,08:00:00,09:00:00,10:00:00,11:00:00,12:00:00,13:00:00,14:00:00,15:00:00,16:00:00,17:00:00,18:00:00,19:00:00,20:00:00,21:00:00,22:00:00,23:00:00
1,79.0,,,,,,,,,,,,,,,,,,,,,,,
2,,,,,,,,,,,81.0,85.0,79.0,85.0,86.0,83.0,,86.0,,,,,,
3,,,,,,,,,,,,,,82.0,,,,,,,,,,
4,,,,,,,,,,,,,,,,,,,,,,,,
5,,,,,,,,,,,,,,91.0,93.0,90.0,94.0,82.0,87.0,87.0,88.0,,,
6,,,,,,,,,,,,80.0,81.0,86.0,86.0,84.0,85.0,84.0,86.0,86.0,89.0,86.0,80.0,76.0
7,73.0,74.0,70.0,65.0,62.0,62.0,61.0,64.0,64.0,66.0,63.0,69.0,75.0,70.0,70.0,76.0,76.0,78.0,77.0,76.0,83.0,80.0,77.0,71.0
8,69.0,66.0,62.0,58.0,57.0,56.0,56.0,56.0,58.0,57.0,55.0,56.0,57.0,53.0,,,106.0,64.0,69.0,73.0,75.0,75.0,68.0,71.0
9,72.0,65.0,61.0,66.0,65.0,61.0,60.0,63.0,63.0,64.0,68.0,,,65.0,70.0,69.0,74.0,76.0,78.0,77.0,80.0,77.0,75.0,68.0
10,65.0,63.0,64.0,63.0,62.0,61.0,62.0,64.0,69.0,67.0,61.0,63.0,65.0,64.0,63.0,67.0,68.0,67.0,70.0,66.0,71.0,75.0,74.0,65.0
11,62.0,62.0,60.0,64.0,62.0,62.0,66.0,70.0,69.0,64.0,59.0,67.0,70.0,76.0,77.0,80.0,82.0,78.0,81.0,83.0,83.0,84.0,82.0,77.0
12,75.0,66.0,66.0,66.0,66.0,65.0,64.0,67.0,67.0,64.0,66.0,67.0,72.0,76.0,,76.0,78.0,79.0,96.0,97.0,98.0,94.0,85.0,71.0
13,62.0,62.0,59.0,62.0,60.0,58.0,62.0,67.0,68.0,65.0,68.0,70.0,70.0,84.0,80.0,78.0,88.0,,,,,,,
14,,,,,,,,,,,,,,,,,,,80.0,79.0,84.0,78.0,78.0,74.0
15,72.0,65.0,64.0,69.0,,,,,,66.0,,,,,,,,,,,,78.0,84.0,78.0
16,72.0,70.0,61.0,55.0,59.0,55.0,55.0,66.0,378.0,379.0,288.0,126.0,72.0,54.0,59.0,65.0,69.0,78.0,78.0,76.0,83.0,81.0,80.0,77.0
17,70.0,67.0,66.0,64.0,65.0,66.0,64.0,72.0,69.0,69.0,68.0,65.0,64.0,69.0,70.0,71.0,69.0,73.0,78.0,78.0,81.0,78.0,82.0,80.0
18,68.0,70.0,62.0,56.0,51.0,53.0,55.0,55.0,64.0,66.0,60.0,64.0,66.0,67.0,70.0,73.0,76.0,80.0,79.0,78.0,78.0,80.0,79.0,84.0
19,72.0,72.0,71.0,66.0,68.0,66.0,70.0,70.0,74.0,74.0,78.0,73.0,74.0,32.0,33.0,51.0,58.0,65.0,69.0,73.0,80.0,82.0,82.0,76.0
20,75.0,72.0,71.0,72.0,71.0,70.0,74.0,73.0,80.0,70.0,74.0,80.0,77.0,79.0,82.0,82.0,89.0,91.0,90.0,75.0,78.0,89.0,78.0,
21,,,,,,,,,,,,,,,,,,,,,,,,
22,,,,,,,,,,,,,,,,,,,,,,,,
23,,,,,,,,,,,,,86.0,67.0,68.0,75.0,82.0,83.0,87.0,84.0,82.0,93.0,90.0,86.0
24,84.0,81.0,76.0,,,,,,,,,,,,,,,,,,,,,
25,,,,,,,,,,,,,,,77.0,,,,,,,,,
26,,,,,,,,,,,,75.0,81.0,77.0,84.0,85.0,86.0,92.0,,,,,,
27,,,,,,,,,,,,,,,,,,,,101.0,82.0,81.0,78.0,71.0
28,72.0,67.0,61.0,57.0,54.0,51.0,51.0,59.0,60.0,53.0,51.0,58.0,,,,,,69.0,76.0,76.0,77.0,86.0,85.0,79.0
29,78.0,73.0,70.0,73.0,72.0,71.0,75.0,75.0,80.0,75.0,76.0,71.0,,75.0,73.0,77.0,77.0,83.0,78.0,88.0,91.0,92.0,86.0,87.0
30,84.0,79.0,75.0,76.0,75.0,73.0,74.0,79.0,80.0,78.0,74.0,75.0,80.0,82.0,86.0,89.0,91.0,90.0,92.0,86.0,93.0,91.0,92.0,88.0
31,84.0,82.0,81.0,73.0,77.0,74.0,75.0,83.0,89.0,89.0,88.0,80.0,78.0,80.0,78.0,86.0,83.0,86.0,102.0,,,,,
"
"
September-2021,00:00:00,01:00:00,02:00:00,03:00:00,04:00:00,05:00:00,06:00:00,07:00:00,08:00:00,09:00:00,10:00:00,11:00:00,12:00:00,13:00:00,14:00:00,15:00:00,16:00:00,17:00:00,18:00:00,19:00:00,20:00:00,21:00:00,22:00:00,23:00:00
1,,,,,,,,,,,,,,79.0,84.0,84.0,84.0,84.0,87.0,89.0,91.0,93.0,89.0,84.0
2,89.0,79.0,68.0,66.0,67.0,67.0,64.0,70.0,71.0,67.0,65.0,62.0,,,,,80.0,91.0,84.0,83.0,91.0,88.0,90.0,87.0
3,77.0,79.0,76.0,70.0,67.0,66.0,68.0,68.0,80.0,63.0,57.0,56.0,60.0,64.0,60.0,57.0,58.0,63.0,,,,,,
4,,,,,,,,,,,,,,,,,,,,,,,,
5,,,,,,,,,,,,,,,,,,,,,,,,
6,,,,,,,,,,,,,63.0,76.0,82.0,,,,,,,,,
7,,,,,,,,,,,,,,,34.0,,,,,,,,,
8,,,,,,,,,,,,,,,,,,,,,,,,
9,,,,,,,,,,81.0,65.0,67.0,68.0,74.0,,,,,,,,,,
10,,,,,,,,,,,,,,,,,,,,,,,,
11,,,,,,,,,,,,,,,,,,,,,,,,
12,,,,,,,,,,,,,,,,,,,,,,,,
13,,,,,,,,,,,,,,,,,,,,,,,,
14,,,,,,,,,,,,,,,,,,,,,,,,
15,,,,,,,,,,87.0,76.0,78.0,78.0,82.0,83.0,82.0,80.0,87.0,83.0,84.0,,,,
16,,,,,,,,,,65.0,63.0,67.0,75.0,82.0,85.0,86.0,69.0,91.0,99.0,,,,,
17,,,,,,,,,,,,,,84.0,83.0,83.0,83.0,83.0,86.0,85.0,89.0,92.0,86.0,86.0
18,79.0,79.0,72.0,67.0,62.0,59.0,62.0,62.0,76.0,78.0,64.0,64.0,69.0,76.0,80.0,84.0,82.0,88.0,90.0,91.0,89.0,90.0,89.0,88.0
19,83.0,80.0,72.0,70.0,73.0,72.0,66.0,66.0,69.0,74.0,68.0,65.0,63.0,65.0,69.0,68.0,70.0,80.0,79.0,82.0,90.0,86.0,84.0,79.0
20,72.0,76.0,76.0,74.0,76.0,73.0,74.0,74.0,84.0,80.0,78.0,76.0,82.0,82.0,81.0,81.0,88.0,88.0,98.0,93.0,88.0,90.0,87.0,82.0
21,80.0,82.0,76.0,73.0,74.0,72.0,71.0,70.0,74.0,79.0,,,,,,,,,,,,,,
22,,,,,,,,,,,74.0,78.0,78.0,79.0,79.0,79.0,80.0,78.0,87.0,80.0,82.0,83.0,84.0,86.0
23,83.0,75.0,72.0,72.0,71.0,69.0,70.0,74.0,81.0,79.0,68.0,71.0,71.0,72.0,31.0,76.0,80.0,87.0,92.0,85.0,85.0,86.0,86.0,86.0
24,84.0,82.0,79.0,74.0,71.0,72.0,75.0,77.0,76.0,84.0,69.0,71.0,79.0,77.0,78.0,77.0,77.0,83.0,90.0,82.0,92.0,87.0,88.0,86.0
25,78.0,74.0,77.0,76.0,79.0,73.0,77.0,80.0,84.0,74.0,74.0,78.0,80.0,,,,,,,,,,,
26,,,,,,,,,,,,,,,,,,,,,,,,
27,,,,,,,,,,,,,,,,,,,,,,,,
28,,,,,,,,,,,,,,,,,,,,,,,,
29,,,,,,,,,,,,,,,,,,,,,,,,
30,,,,,,,,,,,,,,,,,,,,,,,,
"
"
October-2021,00:00:00,01:00:00,02:00:00,03:00:00,04:00:00,05:00:00,06:00:00,07:00:00,08:00:00,09:00:00,10:00:00,11:00:00,12:00:00,13:00:00,14:00:00,15:00:00,16:00:00,17:00:00,18:00:00,19:00:00,20:00:00,21:00:00,22:00:00,23:00:00
1,,,,,,,,,,,,,,,,,,,,,,,,
2,,,,,,,,,,,,,,,,,,,,,,,,
3,,,,,,,,,,,,,,,,,,,,,,,,
4,,,,,,,,,,,,,,,,,,,,,,,,
5,,,,,,,,,,,,,,,,,,,,,,,,
6,,,,,,,,,,,,,,,,,,,,,,,,
7,,,,,,,,,,,,,,,,,,,,,,,,
8,,,,,,,,,,,,,,,,,,,,,,,,
9,,,,,,,,,,,,,,,,,,,,,,,,
10,,,,,,,,,,,,,,,,,,,,,,,,
11,,,,,,,,,,,,,,,,,,,,,,,,
12,,,,,,,,,,,,,,,,,,,,,,,,
13,,,,,,,,,,,,,,,,,,,,,,,,
14,,,,,,,,,,,,,,,,,54.0,47.0,55.0,74.0,75.0,71.0,,
15,,,,,,,,,100.0,89.0,47.0,36.0,38.0,44.0,,46.0,38.0,46.0,49.0,62.0,,67.0,57.0,47.0
16,79.0,63.0,60.0,48.0,52.0,47.0,44.0,59.0,78.0,75.0,59.0,31.0,30.0,,16.0,32.0,36.0,50.0,86.0,88.0,73.0,86.0,84.0,78.0
17,74.0,75.0,,,,,,,,,,,,,,,,,,,,,,
18,,,,,,,,,,,,,,78.0,82.0,,,,86.0,89.0,90.0,83.0,80.0,79.0
19,76.0,73.0,69.0,69.0,66.0,68.0,60.0,68.0,70.0,64.0,56.0,29.0,64.0,66.0,,,100.0,92.0,84.0,100.0,100.0,100.0,92.0,89.0
20,88.0,,,,69.0,62.0,69.0,71.0,66.0,66.0,60.0,51.0,49.0,40.0,45.0,53.0,52.0,53.0,75.0,64.0,59.0,55.0,59.0,60.0
21,62.0,54.0,56.0,52.0,52.0,51.0,52.0,62.0,84.0,70.0,40.0,42.0,44.0,46.0,44.0,46.0,51.0,52.0,65.0,65.0,56.0,60.0,59.0,50.0
22,58.0,58.0,46.0,49.0,49.0,46.0,50.0,59.0,59.0,62.0,39.0,43.0,29.0,42.0,40.0,38.0,54.0,51.0,66.0,58.0,63.0,67.0,66.0,70.0
23,66.0,64.0,52.0,60.0,41.0,52.0,56.0,63.0,57.0,76.0,52.0,43.0,36.0,38.0,45.0,52.0,49.0,54.0,57.0,63.0,74.0,80.0,86.0,74.0
24,73.0,68.0,60.0,54.0,58.0,47.0,51.0,54.0,74.0,69.0,49.0,38.0,43.0,49.0,45.0,52.0,57.0,66.0,73.0,81.0,83.0,85.0,83.0,76.0
25,71.0,70.0,62.0,60.0,58.0,52.0,51.0,53.0,69.0,68.0,41.0,32.0,38.0,32.0,45.0,41.0,44.0,51.0,66.0,,,,,
26,,,,,,,,,,,,,,,,,,,59.0,82.0,69.0,69.0,63.0,59.0
27,54.0,50.0,51.0,48.0,50.0,45.0,55.0,61.0,76.0,46.0,36.0,44.0,49.0,48.0,46.0,45.0,49.0,50.0,57.0,55.0,56.0,51.0,59.0,55.0
28,64.0,46.0,44.0,35.0,59.0,37.0,41.0,52.0,57.0,58.0,52.0,52.0,,,,,,46.0,47.0,52.0,56.0,50.0,56.0,47.0
29,39.0,46.0,44.0,42.0,,,,63.0,67.0,75.0,38.0,41.0,54.0,51.0,48.0,41.0,50.0,48.0,51.0,56.0,53.0,44.0,44.0,45.0
30,39.0,36.0,34.0,32.0,35.0,38.0,47.0,62.0,81.0,63.0,42.0,46.0,54.0,58.0,91.0,80.0,91.0,91.0,86.0,98.0,99.0,64.0,60.0,56.0
31,53.0,50.0,48.0,44.0,42.0,50.0,,,,,,85.0,62.0,,,,,,,,,,,
"
"
November-2021,00:00:00,01:00:00,02:00:00,03:00:00,04:00:00,05:00:00,06:00:00,07:00:00,08:00:00,09:00:00,10:00:00,11:00:00,12:00:00,13:00:00,14:00:00,15:00:00,16:00:00,17:00:00,18:00:00,19:00:00,20:00:00,21:00:00,22:00:00,23:00:00
1,,,,,,,,,,74.0,45.0,59.0,64.0,58.0,55.0,41.0,36.0,44.0,55.0,52.0,57.0,56.0,61.0,66.0
2,53.0,51.0,64.0,56.0,41.0,32.0,34.0,,,44.0,,,,54.0,54.0,,55.0,60.0,66.0,83.0,102.0,82.0,55.0,62.0
3,55.0,,,,,,,,,,,,,,,,,86.0,73.0,80.0,70.0,56.0,54.0,51.0
4,45.0,49.0,46.0,36.0,35.0,37.0,38.0,46.0,63.0,48.0,46.0,44.0,39.0,37.0,34.0,,,,,,,,47.0,
5,103.0,22.0,30.0,25.0,28.0,27.0,28.0,32.0,40.0,42.0,31.0,34.0,34.0,35.0,,,,,,,,,,
6,,,,,,,,,,,,,,,,,,,,,,,,
7,,,,,,,,,,,,,,,,,,,,,,,,
8,,,,,,,,,,62.0,48.0,57.0,63.0,63.0,66.0,64.0,70.0,65.0,66.0,80.0,75.0,72.0,93.0,61.0
9,61.0,47.0,46.0,54.0,63.0,67.0,50.0,64.0,,,57.0,60.0,59.0,69.0,62.0,63.0,62.0,60.0,65.0,84.0,73.0,57.0,65.0,82.0
10,77.0,57.0,54.0,54.0,55.0,52.0,60.0,70.0,100.0,103.0,77.0,60.0,73.0,71.0,68.0,65.0,70.0,57.0,77.0,76.0,52.0,46.0,54.0,84.0
11,89.0,55.0,45.0,47.0,55.0,52.0,65.0,85.0,92.0,95.0,65.0,55.0,58.0,52.0,,,,,,70.0,58.0,90.0,71.0,52.0
12,70.0,60.0,82.0,56.0,53.0,46.0,52.0,66.0,83.0,83.0,60.0,53.0,62.0,64.0,67.0,61.0,68.0,55.0,61.0,63.0,60.0,64.0,54.0,53.0
13,61.0,54.0,56.0,61.0,60.0,52.0,57.0,59.0,74.0,72.0,58.0,46.0,43.0,32.0,34.0,32.0,42.0,39.0,45.0,70.0,80.0,64.0,53.0,40.0
14,42.0,40.0,40.0,36.0,35.0,40.0,45.0,59.0,52.0,49.0,40.0,36.0,38.0,34.0,39.0,42.0,40.0,49.0,60.0,75.0,89.0,96.0,44.0,35.0
15,25.0,27.0,35.0,28.0,27.0,22.0,25.0,39.0,56.0,46.0,18.0,19.0,24.0,29.0,31.0,33.0,46.0,,,,,,,
16,,,,,,,,,,57.0,41.0,30.0,34.0,37.0,40.0,36.0,51.0,50.0,57.0,59.0,56.0,51.0,46.0,45.0
17,34.0,36.0,33.0,41.0,40.0,34.0,39.0,42.0,45.0,52.0,48.0,40.0,40.0,45.0,48.0,55.0,48.0,48.0,58.0,68.0,57.0,78.0,62.0,63.0
18,57.0,52.0,46.0,48.0,42.0,43.0,41.0,51.0,54.0,61.0,45.0,44.0,33.0,41.0,,,,,,91.0,64.0,74.0,78.0,71.0
19,38.0,39.0,48.0,40.0,48.0,44.0,50.0,56.0,54.0,46.0,38.0,33.0,40.0,41.0,42.0,45.0,48.0,,,,,,,
20,,,,,,,,,49.0,40.0,38.0,39.0,43.0,49.0,50.0,54.0,53.0,51.0,52.0,64.0,61.0,47.0,56.0,41.0
21,33.0,32.0,36.0,34.0,33.0,42.0,36.0,50.0,,,,,,,,,,,,,,,,
22,56.0,48.0,41.0,48.0,46.0,48.0,51.0,51.0,55.0,56.0,49.0,36.0,34.0,,,,,,45.0,54.0,58.0,65.0,56.0,66.0
23,65.0,65.0,63.0,56.0,53.0,54.0,56.0,60.0,73.0,62.0,68.0,34.0,34.0,38.0,40.0,44.0,52.0,57.0,78.0,64.0,,,,
24,,,,,,,,,,,,,38.0,39.0,42.0,45.0,41.0,51.0,62.0,85.0,108.0,93.0,63.0,58.0
25,39.0,33.0,32.0,37.0,42.0,46.0,33.0,45.0,56.0,60.0,18.0,,38.0,36.0,29.0,28.0,37.0,32.0,66.0,4.0,76.0,45.0,45.0,36.0
26,64.0,23.0,27.0,27.0,32.0,28.0,50.0,50.0,66.0,58.0,22.0,36.0,42.0,45.0,47.0,46.0,51.0,51.0,51.0,60.0,86.0,69.0,56.0,72.0
27,38.0,35.0,34.0,48.0,36.0,26.0,46.0,,82.0,,,,,,,,,,,,,,,
28,,,,,,,,,,,,,,,,,,,,,,,,
29,,,,,,,,,,,,,,,,,,,,,,,,
30,,,,,,,,,,,,,,,,,,,,,56.0,52.0,46.0,42.0
"
"
December-2021,00:00:00,01:00:00,02:00:00,03:00:00,04:00:00,05:00:00,06:00:00,07:00:00,08:00:00,09:00:00,10:00:00,11:00:00,12:00:00,13:00:00,14:00:00,15:00:00,16:00:00,17:00:00,18:00:00,19:00:00,20:00:00,21:00:00,22:00:00,23:00:00
1,43.0,40.0,42.0,33.0,42.0,36.0,38.0,44.0,61.0,52.0,40.0,32.0,35.0,36.0,33.0,30.0,30.0,32.0,27.0,35.0,36.0,35.0,43.0,40.0
2,42.0,51.0,46.0,42.0,48.0,50.0,53.0,50.0,56.0,60.0,59.0,58.0,55.0,61.0,58.0,59.0,67.0,65.0,65.0,61.0,62.0,68.0,74.0,72.0
3,67.0,55.0,56.0,49.0,57.0,59.0,51.0,58.0,61.0,54.0,60.0,56.0,61.0,60.0,66.0,55.0,52.0,,,,,,,
4,,,,,,,,,,49.0,54.0,59.0,63.0,57.0,72.0,73.0,80.0,89.0,80.0,79.0,83.0,85.0,99.0,96.0
5,91.0,82.0,81.0,83.0,80.0,66.0,50.0,55.0,60.0,64.0,71.0,75.0,73.0,73.0,77.0,56.0,64.0,64.0,72.0,84.0,100.0,77.0,74.0,66.0
6,53.0,54.0,56.0,53.0,55.0,56.0,58.0,62.0,75.0,94.0,86.0,96.0,94.0,87.0,59.0,56.0,63.0,66.0,80.0,99.0,146.0,151.0,138.0,158.0
7,143.0,152.0,121.0,93.0,86.0,86.0,79.0,91.0,96.0,119.0,167.0,170.0,171.0,151.0,146.0,99.0,96.0,96.0,102.0,119.0,162.0,183.0,153.0,154.0
8,144.0,158.0,171.0,133.0,118.0,112.0,109.0,96.0,105.0,153.0,170.0,166.0,155.0,144.0,125.0,93.0,83.0,91.0,104.0,127.0,176.0,216.0,253.0,237.0
9,184.0,156.0,129.0,100.0,104.0,93.0,92.0,101.0,129.0,87.0,86.0,139.0,146.0,113.0,91.0,84.0,75.0,68.0,82.0,103.0,113.0,96.0,98.0,105.0
10,103.0,100.0,84.0,79.0,75.0,80.0,78.0,73.0,84.0,113.0,138.0,122.0,98.0,94.0,100.0,90.0,100.0,92.0,91.0,107.0,154.0,204.0,185.0,203.0
11,220.0,196.0,171.0,139.0,127.0,97.0,91.0,86.0,105.0,158.0,177.0,137.0,137.0,104.0,99.0,94.0,91.0,95.0,94.0,99.0,103.0,120.0,161.0,199.0
12,215.0,170.0,151.0,124.0,103.0,88.0,71.0,75.0,97.0,155.0,193.0,155.0,131.0,115.0,,,,,,,,,,
13,,,,,,,,,120.0,144.0,171.0,152.0,141.0,129.0,117.0,96.0,85.0,96.0,100.0,102.0,123.0,150.0,134.0,138.0
14,121.0,119.0,129.0,110.0,129.0,126.0,116.0,97.0,111.0,120.0,155.0,179.0,195.0,194.0,157.0,107.0,89.0,96.0,92.0,112.0,98.0,92.0,100.0,95.0
15,92.0,98.0,91.0,80.0,90.0,92.0,81.0,84.0,121.0,173.0,212.0,209.0,,,,,,,,,,,,
16,,,,,,,,,,,,,143.0,138.0,118.0,96.0,81.0,72.0,82.0,95.0,116.0,128.0,123.0,136.0
17,132.0,112.0,109.0,100.0,127.0,112.0,124.0,153.0,155.0,157.0,206.0,217.0,211.0,153.0,123.0,93.0,80.0,84.0,,,,,,
18,,,172.0,138.0,135.0,137.0,145.0,131.0,126.0,137.0,143.0,184.0,173.0,152.0,117.0,100.0,,,,,,,,
19,,,,,,,,,,,,,,,,,,,,,,,,
20,160.0,183.0,154.0,183.0,173.0,151.0,122.0,122.0,130.0,177.0,258.0,242.0,,,,,,,,,,,,
21,,,,,,,,,,,,,,,,,,,,,,,,
22,,,,,,,,,,,,,,,,90.0,80.0,93.0,115.0,125.0,192.0,214.0,211.0,228.0
23,246.0,239.0,220.0,204.0,191.0,174.0,167.0,159.0,191.0,254.0,304.0,304.0,294.0,232.0,168.0,136.0,110.0,111.0,,,,,,
24,,,,,,,,,192.0,227.0,249.0,223.0,183.0,161.0,165.0,137.0,94.0,93.0,104.0,114.0,152.0,177.0,151.0,162.0
25,171.0,156.0,161.0,164.0,139.0,121.0,132.0,125.0,111.0,135.0,166.0,179.0,191.0,182.0,141.0,97.0,83.0,67.0,65.0,76.0,89.0,93.0,95.0,107.0
26,104.0,99.0,86.0,79.0,74.0,74.0,73.0,76.0,83.0,106.0,153.0,141.0,122.0,120.0,149.0,124.0,97.0,87.0,79.0,83.0,100.0,109.0,116.0,129.0
27,124.0,141.0,124.0,118.0,107.0,86.0,79.0,82.0,143.0,187.0,209.0,186.0,175.0,152.0,118.0,108.0,101.0,97.0,89.0,102.0,181.0,239.0,258.0,222.0
28,206.0,212.0,228.0,233.0,224.0,201.0,186.0,175.0,154.0,199.0,405.0,249.0,218.0,208.0,154.0,101.0,84.0,87.0,95.0,112.0,163.0,220.0,227.0,232.0
29,219.0,231.0,187.0,187.0,166.0,120.0,96.0,90.0,113.0,146.0,186.0,157.0,135.0,126.0,101.0,87.0,72.0,75.0,72.0,77.0,156.0,161.0,146.0,156.0
30,139.0,105.0,98.0,90.0,79.0,79.0,71.0,86.0,147.0,194.0,166.0,129.0,110.0,102.0,87.0,89.0,85.0,85.0,84.0,100.0,97.0,100.0,100.0,100.0
31,126.0,129.0,127.0,124.0,112.0,114.0,110.0,123.0,140.0,128.0,100.0,99.0,,,,,,,,,,,,
"
"
Year,2022
January-2022,00:00:00,01:00:00,02:00:00,03:00:00,04:00:00,05:00:00,06:00:00,07:00:00,08:00:00,09:00:00,10:00:00,11:00:00,12:00:00,13:00:00,14:00:00,15:00:00,16:00:00,17:00:00,18:00:00,19:00:00,20:00:00,21:00:00,22:00:00,23:00:00
1,,,,,,,,,,,,,,,,,,,,,,,,
2,,,,,,,,,,,,,,,,,,,,,,,,
3,,,,,,,,,,,,,,,,,,,,,,,,
4,167.0,161.0,162.0,149.0,153.0,146.0,129.0,183.0,155.0,187.0,233.0,227.0,198.0,148.0,110.0,97.0,85.0,87.0,86.0,95.0,104.0,100.0,195.0,237.0
5,225.0,172.0,157.0,150.0,108.0,92.0,82.0,93.0,134.0,271.0,310.0,297.0,228.0,195.0,170.0,129.0,90.0,85.0,84.0,100.0,136.0,126.0,133.0,155.0
6,148.0,131.0,139.0,151.0,140.0,121.0,114.0,118.0,140.0,199.0,242.0,271.0,264.0,230.0,181.0,96.0,82.0,112.0,,,,,,
7,,,,,,,,,,,,,,,,,,,,,,,,
8,,,,,,,,,,,,,,,,,,,,,,,,
9,,,,,,,,,,,,,,,,,,,,,,,,
10,,,,,,,,,,,,,68.0,63.0,62.0,62.0,56.0,56.0,61.0,70.0,80.0,86.0,82.0,92.0
11,134.0,127.0,120.0,129.0,101.0,77.0,66.0,70.0,83.0,95.0,93.0,110.0,112.0,91.0,83.0,74.0,58.0,63.0,75.0,72.0,78.0,88.0,88.0,89.0
12,90.0,86.0,83.0,81.0,83.0,92.0,96.0,97.0,90.0,115.0,141.0,105.0,94.0,79.0,91.0,94.0,78.0,75.0,74.0,73.0,94.0,123.0,127.0,128.0
13,146.0,147.0,142.0,128.0,137.0,144.0,125.0,107.0,114.0,140.0,168.0,137.0,98.0,82.0,74.0,71.0,70.0,67.0,68.0,69.0,71.0,79.0,81.0,92.0
14,98.0,97.0,111.0,114.0,111.0,112.0,120.0,112.0,128.0,200.0,209.0,178.0,130.0,98.0,78.0,69.0,61.0,64.0,74.0,,77.0,97.0,116.0,115.0
15,132.0,129.0,132.0,105.0,89.0,78.0,73.0,74.0,83.0,98.0,130.0,116.0,94.0,87.0,84.0,73.0,65.0,71.0,72.0,71.0,93.0,97.0,103.0,88.0
16,80.0,86.0,90.0,99.0,83.0,74.0,70.0,94.0,135.0,164.0,188.0,150.0,120.0,101.0,92.0,98.0,88.0,,,,,,,
17,,,,,,,,,,,,24.0,,,,,,73.0,78.0,88.0,108.0,110.0,99.0,111.0
18,118.0,150.0,122.0,83.0,86.0,96.0,175.0,90.0,134.0,180.0,226.0,190.0,101.0,98.0,90.0,69.0,60.0,52.0,56.0,80.0,96.0,129.0,185.0,138.0
19,144.0,116.0,97.0,100.0,86.0,86.0,83.0,92.0,101.0,138.0,196.0,179.0,156.0,114.0,95.0,67.0,57.0,58.0,55.0,67.0,65.0,87.0,128.0,139.0
20,131.0,139.0,144.0,129.0,129.0,106.0,110.0,124.0,142.0,159.0,228.0,213.0,143.0,85.0,67.0,67.0,79.0,74.0,75.0,80.0,94.0,88.0,90.0,88.0
21,101.0,112.0,115.0,104.0,123.0,117.0,125.0,130.0,,,195.0,207.0,188.0,,50.0,49.0,72.0,280.0,145.0,237.0,180.0,91.0,98.0,95.0
22,104.0,96.0,84.0,80.0,254.0,223.0,63.0,70.0,78.0,72.0,133.0,260.0,71.0,153.0,89.0,82.0,126.0,80.0,80.0,81.0,84.0,82.0,82.0,79.0
23,80.0,72.0,73.0,70.0,76.0,74.0,74.0,76.0,78.0,86.0,94.0,185.0,263.0,375.0,417.0,434.0,425.0,422.0,427.0,425.0,442.0,449.0,450.0,430.0
24,415.0,401.0,378.0,352.0,342.0,326.0,312.0,291.0,257.0,276.0,280.0,292.0,260.0,267.0,266.0,254.0,271.0,258.0,267.0,245.0,250.0,301.0,293.0,302.0
25,297.0,301.0,266.0,249.0,249.0,231.0,220.0,210.0,206.0,253.0,311.0,331.0,328.0,331.0,331.0,324.0,313.0,307.0,295.0,302.0,296.0,308.0,308.0,307.0
26,303.0,294.0,304.0,293.0,287.0,257.0,220.0,214.0,209.0,261.0,312.0,,,,,,,,,,,,,
27,,,,,,,,,,,,235.0,170.0,140.0,136.0,118.0,117.0,123.0,,261.0,186.0,183.0,252.0,295.0
28,236.0,210.0,209.0,162.0,128.0,100.0,89.0,98.0,106.0,157.0,177.0,177.0,130.0,114.0,112.0,95.0,90.0,89.0,101.0,105.0,106.0,106.0,139.0,167.0
29,217.0,189.0,144.0,121.0,95.0,77.0,68.0,73.0,92.0,121.0,218.0,219.0,146.0,151.0,130.0,112.0,82.0,87.0,84.0,97.0,108.0,123.0,160.0,253.0
30,240.0,251.0,213.0,181.0,171.0,170.0,152.0,182.0,130.0,166.0,219.0,245.0,190.0,190.0,145.0,120.0,88.0,78.0,65.0,60.0,80.0,95.0,139.0,162.0
31,179.0,185.0,161.0,136.0,100.0,101.0,82.0,96.0,101.0,146.0,220.0,202.0,,,,,,,,,,,,
"
"
February-2022,00:00:00,01:00:00,02:00:00,03:00:00,04:00:00,05:00:00,06:00:00,07:00:00,08:00:00,09:00:00,10:00:00,11:00:00,12:00:00,13:00:00,14:00:00,15:00:00,16:00:00,17:00:00,18:00:00,19:00:00,20:00:00,21:00:00,22:00:00,23:00:00
1,,,,,,,,,,164.0,189.0,159.0,133.0,90.0,79.0,70.0,58.0,58.0,69.0,61.0,74.0,116.0,132.0,163.0
2,133.0,144.0,131.0,111.0,89.0,98.0,89.0,92.0,108.0,187.0,250.0,251.0,195.0,155.0,99.0,98.0,71.0,65.0,72.0,78.0,90.0,115.0,148.0,152.0
3,146.0,173.0,132.0,132.0,118.0,87.0,85.0,81.0,81.0,92.0,,,,,,,,,,,,,,77.0
4,79.0,80.0,76.0,76.0,,188.0,129.0,69.0,102.0,101.0,181.0,169.0,113.0,,76.0,,,,,,,,,
5,,,,,,,,,,182.0,311.0,321.0,300.0,247.0,215.0,147.0,87.0,81.0,81.0,79.0,90.0,143.0,173.0,191.0
6,183.0,226.0,233.0,204.0,208.0,203.0,188.0,213.0,204.0,237.0,310.0,322.0,302.0,236.0,219.0,166.0,109.0,97.0,87.0,84.0,94.0,136.0,166.0,173.0
7,157.0,173.0,176.0,170.0,160.0,136.0,144.0,150.0,166.0,189.0,253.0,195.0,172.0,148.0,142.0,88.0,71.0,75.0,105.0,139.0,149.0,164.0,184.0,153.0
8,151.0,138.0,133.0,125.0,116.0,111.0,113.0,101.0,102.0,125.0,164.0,160.0,139.0,100.0,101.0,85.0,78.0,84.0,91.0,97.0,97.0,99.0,220.0,93.0
9,85.0,72.0,80.0,81.0,80.0,77.0,,,,203.0,98.0,72.0,62.0,70.0,76.0,78.0,74.0,77.0,82.0,83.0,86.0,88.0,94.0,103.0
10,100.0,88.0,94.0,85.0,88.0,94.0,93.0,102.0,145.0,183.0,283.0,220.0,144.0,116.0,85.0,74.0,68.0,62.0,72.0,74.0,96.0,101.0,96.0,86.0
11,81.0,80.0,77.0,71.0,70.0,65.0,73.0,79.0,95.0,131.0,206.0,191.0,108.0,83.0,79.0,87.0,78.0,72.0,71.0,91.0,107.0,108.0,164.0,105.0
12,93.0,71.0,89.0,94.0,88.0,84.0,81.0,93.0,112.0,191.0,230.0,178.0,96.0,93.0,97.0,83.0,70.0,78.0,77.0,85.0,103.0,152.0,225.0,232.0
13,204.0,197.0,140.0,163.0,171.0,167.0,157.0,140.0,142.0,194.0,258.0,303.0,252.0,150.0,97.0,87.0,66.0,74.0,71.0,85.0,94.0,139.0,128.0,117.0
14,103.0,113.0,98.0,90.0,79.0,83.0,73.0,80.0,97.0,151.0,219.0,167.0,119.0,93.0,73.0,60.0,70.0,75.0,74.0,79.0,84.0,89.0,86.0,98.0
15,95.0,99.0,110.0,114.0,112.0,99.0,93.0,86.0,100.0,133.0,167.0,126.0,118.0,87.0,74.0,78.0,70.0,65.0,75.0,80.0,85.0,87.0,96.0,89.0
16,79.0,84.0,81.0,79.0,90.0,86.0,83.0,92.0,101.0,,197.0,182.0,97.0,81.0,65.0,61.0,69.0,74.0,70.0,69.0,84.0,98.0,101.0,88.0
17,103.0,90.0,87.0,80.0,89.0,82.0,78.0,88.0,103.0,168.0,182.0,129.0,65.0,69.0,73.0,58.0,53.0,56.0,68.0,70.0,77.0,73.0,73.0,86.0
18,92.0,92.0,77.0,82.0,82.0,81.0,81.0,147.0,128.0,145.0,188.0,160.0,128.0,114.0,79.0,59.0,62.0,54.0,63.0,70.0,86.0,83.0,86.0,95.0
19,90.0,88.0,79.0,81.0,86.0,76.0,75.0,85.0,103.0,109.0,137.0,161.0,141.0,173.0,82.0,80.0,71.0,69.0,62.0,70.0,76.0,86.0,80.0,96.0
20,103.0,89.0,90.0,75.0,75.0,66.0,75.0,67.0,78.0,86.0,96.0,,88.0,68.0,66.0,63.0,68.0,74.0,74.0,86.0,97.0,100.0,101.0,122.0
21,,149.0,125.0,103.0,,94.0,99.0,117.0,,201.0,247.0,264.0,181.0,83.0,78.0,69.0,73.0,68.0,64.0,64.0,84.0,124.0,123.0,167.0
22,156.0,181.0,174.0,169.0,233.0,142.0,118.0,99.0,98.0,236.0,291.0,276.0,208.0,116.0,,64.0,61.0,63.0,73.0,98.0,107.0,143.0,179.0,201.0
23,199.0,213.0,194.0,180.0,165.0,175.0,155.0,158.0,,268.0,302.0,239.0,212.0,149.0,168.0,129.0,83.0,85.0,75.0,95.0,100.0,162.0,188.0,203.0
24,208.0,225.0,194.0,186.0,165.0,126.0,147.0,162.0,208.0,253.0,303.0,278.0,185.0,119.0,92.0,87.0,80.0,76.0,96.0,83.0,88.0,92.0,99.0,114.0
25,157.0,131.0,136.0,112.0,96.0,95.0,93.0,99.0,101.0,133.0,183.0,144.0,112.0,119.0,90.0,75.0,71.0,69.0,80.0,85.0,95.0,104.0,130.0,145.0
26,149.0,159.0,140.0,157.0,158.0,183.0,129.0,171.0,167.0,181.0,258.0,295.0,215.0,135.0,206.0,132.0,181.0,99.0,88.0,105.0,112.0,157.0,182.0,138.0
27,127.0,123.0,117.0,129.0,123.0,120.0,116.0,100.0,104.0,149.0,241.0,,,,137.0,143.0,,91.0,,,,,,
28,,,,,,,,,99.0,210.0,258.0,220.0,138.0,89.0,70.0,62.0,60.0,63.0,61.0,65.0,75.0,94.0,102.0,91.0
"
"
March-2022,00:00:00,01:00:00,02:00:00,03:00:00,04:00:00,05:00:00,06:00:00,07:00:00,08:00:00,09:00:00,10:00:00,11:00:00,12:00:00,13:00:00,14:00:00,15:00:00,16:00:00,17:00:00,18:00:00,19:00:00,20:00:00,21:00:00,22:00:00,23:00:00
1,85.0,90.0,94.0,86.0,90.0,81.0,74.0,79.0,96.0,135.0,182.0,174.0,116.0,95.0,64.0,62.0,62.0,61.0,62.0,88.0,89.0,105.0,132.0,158.0
2,155.0,164.0,161.0,156.0,133.0,121.0,126.0,139.0,165.0,198.0,308.0,300.0,149.0,91.0,83.0,84.0,66.0,70.0,73.0,87.0,90.0,121.0,163.0,208.0
3,180.0,151.0,163.0,173.0,180.0,151.0,169.0,189.0,194.0,251.0,306.0,204.0,113.0,93.0,81.0,62.0,67.0,65.0,68.0,87.0,86.0,113.0,109.0,97.0
4,160.0,130.0,101.0,105.0,124.0,114.0,131.0,142.0,150.0,223.0,299.0,286.0,169.0,95.0,78.0,,,,,,,,,
5,,,,,,,,,,153.0,203.0,168.0,143.0,117.0,91.0,82.0,70.0,70.0,68.0,76.0,91.0,142.0,141.0,127.0
6,107.0,86.0,88.0,79.0,127.0,116.0,91.0,80.0,85.0,109.0,171.0,,,,,,,,,,,,,
7,,,107.0,108.0,117.0,102.0,106.0,142.0,194.0,226.0,251.0,262.0,241.0,233.0,,69.0,62.0,64.0,68.0,78.0,85.0,87.0,90.0,100.0
8,119.0,119.0,134.0,113.0,128.0,121.0,123.0,158.0,158.0,123.0,,,,,,,,,,,,,,
9,,,,,,,,,,,,93.0,83.0,80.0,83.0,74.0,63.0,64.0,78.0,,,,,
10,,,,,,,,,,,,,,,,,,,,,,,,
11,,,,,,,,,,,,,159.0,123.0,107.0,92.0,75.0,68.0,68.0,81.0,80.0,154.0,91.0,78.0
12,66.0,65.0,60.0,58.0,55.0,56.0,60.0,66.0,78.0,90.0,95.0,114.0,88.0,65.0,67.0,64.0,76.0,65.0,64.0,85.0,100.0,101.0,98.0,105.0
13,88.0,90.0,99.0,110.0,96.0,97.0,92.0,76.0,97.0,145.0,172.0,131.0,115.0,82.0,71.0,59.0,58.0,60.0,67.0,92.0,98.0,125.0,82.0,77.0
14,86.0,95.0,119.0,110.0,104.0,97.0,84.0,96.0,98.0,233.0,240.0,173.0,107.0,78.0,60.0,62.0,64.0,66.0,64.0,84.0,115.0,173.0,219.0,167.0
15,182.0,210.0,195.0,162.0,118.0,122.0,60.0,71.0,101.0,285.0,100.0,45.0,294.0,155.0,,206.0,,,,,,,,
16,,,,,,,,,,,,,,,,,,,,,,,,
17,,,,,,,,,212.0,312.0,307.0,306.0,,,52.0,51.0,55.0,60.0,90.0,82.0,99.0,130.0,306.0,271.0
18,261.0,292.0,265.0,249.0,219.0,187.0,178.0,,,,,,,,,,,,,,,,,
19,,,,,,,,,,,,,,,,,,,,,,,,
20,,,,,,,,,,,,,,,,,,,,,,,,
21,92.0,99.0,75.0,83.0,81.0,73.0,,,,,126.0,151.0,143.0,125.0,96.0,84.0,82.0,72.0,64.0,75.0,80.0,100.0,137.0,218.0
22,207.0,179.0,138.0,159.0,131.0,155.0,132.0,117.0,139.0,276.0,266.0,,,,,,,,,,,,,
23,118.0,101.0,122.0,100.0,127.0,119.0,124.0,153.0,162.0,289.0,304.0,290.0,190.0,139.0,117.0,96.0,93.0,89.0,77.0,103.0,113.0,149.0,201.0,160.0
24,159.0,136.0,123.0,123.0,107.0,100.0,105.0,95.0,123.0,155.0,195.0,215.0,166.0,107.0,87.0,80.0,64.0,87.0,,,,,,
25,,,,,,,,,,83.0,78.0,76.0,71.0,64.0,68.0,68.0,70.0,70.0,78.0,142.0,256.0,232.0,210.0,170.0
26,130.0,119.0,100.0,102.0,93.0,88.0,83.0,88.0,90.0,93.0,124.0,133.0,,,,,,,,,,,,
27,,,,,,,,,,,,,,,,,,,,,,,,
28,,,,,,,,,,136.0,131.0,130.0,133.0,90.0,,62.0,62.0,68.0,70.0,81.0,75.0,95.0,159.0,132.0
29,133.0,131.0,125.0,126.0,153.0,138.0,110.0,113.0,132.0,172.0,186.0,154.0,131.0,84.0,74.0,59.0,65.0,74.0,78.0,84.0,85.0,115.0,151.0,185.0
30,176.0,176.0,131.0,111.0,127.0,102.0,124.0,130.0,134.0,174.0,221.0,207.0,149.0,111.0,78.0,79.0,80.0,75.0,79.0,106.0,192.0,154.0,144.0,119.0
31,114.0,104.0,125.0,116.0,94.0,88.0,78.0,67.0,102.0,137.0,170.0,130.0,119.0,85.0,72.0,75.0,79.0,82.0,84.0,89.0,,,,
"
"
April-2022,00:00:00,01:00:00,02:00:00,03:00:00,04:00:00,05:00:00,06:00:00,07:00:00,08:00:00,09:00:00,10:00:00,11:00:00,12:00:00,13:00:00,14:00:00,15:00:00,16:00:00,17:00:00,18:00:00,19:00:00,20:00:00,21:00:00,22:00:00,23:00:00
1,,,,,,,,,,,,,,,,,,,,,,,,
2,,,,,,,,,,,,,,,,,,,,,,,,
3,,,,,,,,,,,,,,,,,,,,,,,,
4,,,,,,,,,,,,,,,,,,,,,,,,
5,,,,,,,,,,,,,,,,,,,,,,,,
6,,,,,,,,,,,,150.0,140.0,114.0,99.0,69.0,81.0,71.0,85.0,106.0,186.0,185.0,139.0,136.0
7,124.0,103.0,102.0,99.0,84.0,88.0,88.0,82.0,94.0,93.0,96.0,88.0,91.0,91.0,73.0,68.0,70.0,82.0,92.0,82.0,91.0,140.0,132.0,136.0
8,138.0,97.0,84.0,80.0,75.0,78.0,86.0,83.0,112.0,158.0,185.0,162.0,118.0,96.0,67.0,73.0,69.0,77.0,92.0,98.0,,,,
9,,,,,,,,,,96.0,92.0,120.0,91.0,74.0,72.0,79.0,80.0,85.0,89.0,87.0,89.0,87.0,91.0,87.0
10,88.0,93.0,89.0,83.0,80.0,78.0,80.0,82.0,84.0,84.0,78.0,80.0,82.0,73.0,71.0,76.0,80.0,81.0,84.0,85.0,99.0,91.0,89.0,88.0
11,84.0,83.0,81.0,83.0,82.0,78.0,78.0,81.0,83.0,87.0,85.0,73.0,77.0,78.0,88.0,72.0,72.0,76.0,87.0,111.0,127.0,158.0,134.0,112.0
12,123.0,92.0,84.0,79.0,76.0,79.0,73.0,76.0,101.0,186.0,186.0,139.0,112.0,92.0,83.0,,84.0,,84.0,,,,,133.0
13,130.0,98.0,,,,97.0,,131.0,180.0,82.0,64.0,52.0,57.0,59.0,,66.0,67.0,71.0,76.0,108.0,214.0,214.0,,95.0
14,84.0,88.0,93.0,99.0,94.0,109.0,115.0,148.0,139.0,155.0,143.0,120.0,98.0,95.0,68.0,70.0,78.0,,,,,,,
15,,,,,,,,,,,84.0,79.0,78.0,78.0,84.0,81.0,82.0,85.0,90.0,88.0,90.0,100.0,99.0,88.0
16,89.0,82.0,85.0,73.0,78.0,70.0,75.0,78.0,81.0,100.0,97.0,94.0,84.0,81.0,84.0,73.0,74.0,76.0,123.0,125.0,124.0,150.0,123.0,138.0
17,86.0,105.0,97.0,97.0,82.0,78.0,78.0,78.0,78.0,81.0,81.0,85.0,85.0,92.0,76.0,71.0,74.0,79.0,82.0,99.0,99.0,96.0,102.0,93.0
18,82.0,78.0,81.0,80.0,81.0,80.0,80.0,79.0,83.0,85.0,86.0,82.0,77.0,84.0,85.0,71.0,77.0,76.0,88.0,109.0,,,,
19,,,,,,,,,,,82.0,89.0,84.0,100.0,86.0,84.0,90.0,93.0,96.0,108.0,116.0,134.0,123.0,113.0
20,100.0,85.0,79.0,78.0,79.0,77.0,74.0,82.0,74.0,83.0,96.0,94.0,,,,,,,,,,,,
21,,,,,,,,80.0,101.0,,188.0,199.0,150.0,98.0,85.0,75.0,81.0,99.0,87.0,75.0,93.0,93.0,93.0,103.0
22,111.0,102.0,101.0,99.0,98.0,84.0,79.0,87.0,102.0,251.0,227.0,156.0,122.0,114.0,97.0,96.0,84.0,81.0,84.0,95.0,100.0,110.0,,
23,,,,,,,,,,,,,,,,,,,,,,,,
24,,,,,,,,,,,,,,,,,,,,,,,,
25,,,,,,,,,,,,,,,,,,,,,,,,
26,,,,,,,85.0,85.0,,146.0,123.0,,,,,,,,,,,,,
27,,,,,,,,,,,,,87.0,82.0,70.0,71.0,69.0,74.0,84.0,86.0,103.0,118.0,109.0,122.0
28,151.0,194.0,176.0,162.0,358.0,311.0,258.0,176.0,200.0,308.0,278.0,198.0,153.0,101.0,,,,,,,,,,
29,,,,,,,,,,76.0,83.0,,,,,,80.0,84.0,82.0,88.0,92.0,105.0,102.0,93.0
30,88.0,86.0,74.0,71.0,71.0,69.0,66.0,77.0,73.0,83.0,79.0,72.0,,,,,,,,,,,,
"
"
May-2022,00:00:00,01:00:00,02:00:00,03:00:00,04:00:00,05:00:00,06:00:00,07:00:00,08:00:00,09:00:00,10:00:00,11:00:00,12:00:00,13:00:00,14:00:00,15:00:00,16:00:00,17:00:00,18:00:00,19:00:00,20:00:00,21:00:00,22:00:00,23:00:00
1,,,,,,,,,,,,,,,,,,,,,,,,
2,,,92.0,91.0,79.0,75.0,77.0,83.0,86.0,89.0,90.0,86.0,86.0,82.0,88.0,87.0,89.0,88.0,89.0,90.0,93.0,100.0,88.0,88.0
3,83.0,81.0,82.0,84.0,83.0,,,94.0,88.0,94.0,101.0,94.0,89.0,95.0,82.0,85.0,83.0,89.0,92.0,90.0,94.0,97.0,92.0,91.0
4,85.0,82.0,82.0,79.0,79.0,277.0,172.0,98.0,102.0,110.0,109.0,85.0,82.0,71.0,73.0,70.0,,,,,,,,
5,,,,,,,,,,88.0,119.0,121.0,141.0,113.0,,,,,,,,,,
6,,,,,,,,,,97.0,117.0,91.0,126.0,145.0,121.0,90.0,87.0,108.0,96.0,122.0,197.0,223.0,229.0,226.0
7,225.0,196.0,197.0,181.0,163.0,155.0,160.0,145.0,,467.0,369.0,319.0,304.0,237.0,170.0,175.0,,,,,,,,
8,,,,,,,,,,,,,,,,,,,,146.0,174.0,180.0,175.0,170.0
9,131.0,122.0,180.0,148.0,157.0,202.0,212.0,239.0,172.0,143.0,149.0,138.0,211.0,223.0,153.0,183.0,181.0,176.0,194.0,192.0,149.0,124.0,112.0,89.0
10,86.0,87.0,90.0,86.0,92.0,94.0,89.0,87.0,96.0,90.0,93.0,87.0,117.0,101.0,141.0,138.0,137.0,144.0,261.0,201.0,92.0,96.0,89.0,91.0
11,91.0,87.0,89.0,90.0,86.0,84.0,86.0,88.0,104.0,99.0,91.0,101.0,86.0,133.0,94.0,87.0,94.0,121.0,93.0,95.0,177.0,207.0,133.0,91.0
12,110.0,84.0,90.0,85.0,87.0,88.0,,,,,,,,,,,,,203.0,123.0,172.0,132.0,103.0,92.0
13,92.0,91.0,92.0,93.0,92.0,86.0,89.0,89.0,86.0,87.0,86.0,89.0,123.0,88.0,,139.0,,,,,,,,
14,,,,,,,,,,95.0,98.0,101.0,99.0,155.0,103.0,178.0,96.0,115.0,205.0,163.0,134.0,95.0,94.0,92.0
15,117.0,92.0,112.0,90.0,90.0,84.0,88.0,90.0,95.0,92.0,93.0,96.0,90.0,,,,,,,,,,,
16,,,,,,,,,,,,,,,,,79.0,84.0,91.0,,,,,
17,154.0,119.0,109.0,99.0,94.0,88.0,87.0,93.0,99.0,115.0,141.0,166.0,193.0,203.0,193.0,169.0,167.0,165.0,146.0,217.0,259.0,258.0,246.0,225.0
18,209.0,163.0,194.0,186.0,198.0,169.0,175.0,171.0,159.0,170.0,,,,,,,,,,,,,,
19,,,,,,,,,,,,,264.0,232.0,204.0,183.0,184.0,281.0,265.0,289.0,303.0,289.0,266.0,235.0
20,318.0,310.0,216.0,198.0,162.0,153.0,161.0,127.0,156.0,146.0,155.0,155.0,106.0,127.0,,,,,,,,,,
21,,,,,,,,,,,,120.0,98.0,101.0,127.0,,,,,,,,,
22,,,,,,,,,,,,,,,,,,,,321.0,178.0,,,
23,,,,,,,,,,,,,,,,,,,,,,,,
24,,,,,,,,,,100.0,92.0,92.0,98.0,96.0,93.0,90.0,97.0,90.0,90.0,92.0,93.0,94.0,96.0,89.0
25,96.0,88.0,87.0,94.0,87.0,86.0,84.0,94.0,93.0,95.0,93.0,93.0,91.0,95.0,,,,,,,,,,
26,,,,,,,,,,,,,,,,,,,,,,,,
27,,,,,,,,,,,,,,,,,,,,,,,,
28,,,,,,,,,,,,,,,,,,,,,,,,
29,,,,,,,,,,,,,87.0,88.0,90.0,86.0,79.0,83.0,82.0,75.0,78.0,78.0,71.0,70.0
30,72.0,74.0,72.0,70.0,71.0,66.0,68.0,78.0,71.0,73.0,70.0,69.0,73.0,77.0,,,,,,,,,,
31,,,,,,,,,,,69.0,70.0,76.0,85.0,83.0,73.0,76.0,,,,,,,
"
"
June-2022,00:00:00,01:00:00,02:00:00,03:00:00,04:00:00,05:00:00,06:00:00,07:00:00,08:00:00,09:00:00,10:00:00,11:00:00,12:00:00,13:00:00,14:00:00,15:00:00,16:00:00,17:00:00,18:00:00,19:00:00,20:00:00,21:00:00,22:00:00,23:00:00
1,,,,,,,,,,,,,,,,,,,,,,,,
2,,,,,,,,,,,,,,,,,,,,,,121.0,93.0,76.0
3,77.0,76.0,74.0,72.0,80.0,70.0,70.0,71.0,72.0,84.0,86.0,80.0,79.0,88.0,,,,,,,,,,
4,,,,,,,,,,71.0,72.0,72.0,71.0,77.0,83.0,77.0,75.0,81.0,88.0,94.0,100.0,,79.0,74.0
5,,66.0,65.0,60.0,,63.0,71.0,66.0,,74.0,71.0,72.0,70.0,74.0,75.0,74.0,75.0,74.0,76.0,80.0,90.0,79.0,74.0,69.0
6,67.0,65.0,62.0,64.0,72.0,66.0,72.0,85.0,70.0,70.0,68.0,65.0,67.0,73.0,73.0,74.0,78.0,78.0,86.0,84.0,76.0,75.0,70.0,68.0
7,70.0,70.0,72.0,72.0,75.0,69.0,64.0,68.0,69.0,70.0,72.0,73.0,68.0,71.0,71.0,73.0,72.0,72.0,72.0,71.0,70.0,74.0,67.0,62.0
8,69.0,61.0,64.0,65.0,64.0,63.0,68.0,64.0,70.0,70.0,68.0,70.0,73.0,76.0,70.0,72.0,72.0,71.0,72.0,71.0,78.0,70.0,70.0,65.0
9,59.0,57.0,54.0,58.0,63.0,61.0,61.0,63.0,62.0,66.0,66.0,63.0,60.0,67.0,72.0,68.0,99.0,72.0,,,,,,
10,,,,,,,,,58.0,60.0,58.0,57.0,54.0,55.0,53.0,56.0,58.0,,,,,60.0,64.0,64.0
11,57.0,58.0,,,,,,,,61.0,65.0,,,,,,,,,,,320.0,158.0,76.0
12,61.0,59.0,52.0,52.0,48.0,46.0,48.0,51.0,68.0,56.0,50.0,57.0,58.0,67.0,66.0,58.0,64.0,57.0,58.0,70.0,70.0,66.0,63.0,61.0
13,54.0,47.0,42.0,40.0,38.0,37.0,41.0,45.0,40.0,38.0,38.0,40.0,49.0,56.0,54.0,55.0,58.0,63.0,62.0,64.0,64.0,64.0,66.0,63.0
14,62.0,57.0,53.0,50.0,50.0,44.0,42.0,42.0,49.0,52.0,51.0,54.0,61.0,64.0,68.0,70.0,71.0,71.0,72.0,67.0,70.0,68.0,67.0,65.0
15,64.0,64.0,62.0,61.0,62.0,59.0,60.0,60.0,62.0,63.0,65.0,70.0,71.0,72.0,69.0,68.0,67.0,65.0,66.0,69.0,72.0,65.0,65.0,64.0
16,64.0,59.0,54.0,55.0,46.0,47.0,45.0,48.0,54.0,54.0,49.0,59.0,,,,,,,,,,,,
17,,,,,,,,,,,,,,,,,,,,,,,,
18,,,,,,,,,,,,,,,,,,,,,,,,
19,,,,,,,,,,,,,,,,,,,,,,,,
20,,,,,,,,,,62.0,67.0,72.0,75.0,70.0,74.0,73.0,68.0,69.0,70.0,71.0,74.0,70.0,66.0,67.0
21,65.0,62.0,64.0,57.0,60.0,55.0,53.0,55.0,61.0,71.0,60.0,49.0,51.0,54.0,56.0,60.0,64.0,67.0,69.0,70.0,74.0,68.0,68.0,64.0
22,65.0,68.0,,,,,,,,,,,,,,,,,,,,,,
23,,,,,,,,,,,,,,,49.0,54.0,58.0,67.0,66.0,65.0,70.0,64.0,59.0,48.0
24,38.0,44.0,47.0,42.0,44.0,45.0,48.0,54.0,,100.0,60.0,46.0,61.0,55.0,48.0,44.0,49.0,58.0,52.0,47.0,51.0,65.0,45.0,43.0
25,40.0,38.0,25.0,23.0,19.0,17.0,17.0,19.0,29.0,38.0,35.0,32.0,25.0,,50.0,41.0,27.0,32.0,40.0,43.0,43.0,43.0,36.0,32.0
26,36.0,31.0,30.0,34.0,40.0,38.0,36.0,42.0,55.0,64.0,63.0,56.0,50.0,54.0,58.0,58.0,59.0,56.0,60.0,67.0,,,,
27,,,,,,,,,,63.0,62.0,64.0,,,,,,,,,,,,
28,,,,,,,,,,60.0,67.0,68.0,68.0,68.0,72.0,71.0,72.0,69.0,73.0,72.0,77.0,78.0,86.0,76.0
29,72.0,69.0,66.0,66.0,61.0,66.0,62.0,63.0,70.0,68.0,63.0,66.0,66.0,71.0,67.0,73.0,75.0,75.0,77.0,77.0,78.0,76.0,77.0,75.0
30,69.0,64.0,66.0,68.0,69.0,68.0,68.0,74.0,78.0,70.0,74.0,66.0,71.0,71.0,71.0,72.0,73.0,74.0,75.0,76.0,78.0,74.0,78.0,71.0
"
"
July-2022,00:00:00,01:00:00,02:00:00,03:00:00,04:00:00,05:00:00,06:00:00,07:00:00,08:00:00,09:00:00,10:00:00,11:00:00,12:00:00,13:00:00,14:00:00,15:00:00,16:00:00,17:00:00,18:00:00,19:00:00,20:00:00,21:00:00,22:00:00,23:00:00
1,70.0,70.0,72.0,72.0,69.0,70.0,70.0,72.0,76.0,76.0,70.0,73.0,69.0,70.0,72.0,74.0,72.0,77.0,78.0,75.0,76.0,76.0,70.0,75.0
2,70.0,70.0,68.0,68.0,67.0,72.0,70.0,74.0,77.0,78.0,73.0,72.0,68.0,71.0,78.0,76.0,79.0,72.0,77.0,83.0,79.0,81.0,77.0,77.0
3,76.0,70.0,69.0,70.0,69.0,67.0,68.0,72.0,,,270.0,154.0,72.0,74.0,80.0,70.0,74.0,76.0,76.0,80.0,79.0,83.0,79.0,80.0
4,76.0,74.0,68.0,69.0,68.0,67.0,70.0,71.0,77.0,74.0,72.0,70.0,71.0,76.0,70.0,74.0,82.0,78.0,75.0,74.0,75.0,74.0,79.0,73.0
5,66.0,67.0,69.0,70.0,70.0,69.0,70.0,71.0,70.0,81.0,75.0,69.0,73.0,76.0,78.0,,,80.0,78.0,77.0,80.0,85.0,86.0,80.0
6,72.0,68.0,67.0,64.0,63.0,63.0,66.0,72.0,81.0,83.0,75.0,73.0,68.0,73.0,71.0,65.0,72.0,70.0,75.0,76.0,80.0,82.0,86.0,78.0
7,70.0,68.0,67.0,63.0,62.0,62.0,67.0,68.0,71.0,73.0,74.0,67.0,72.0,70.0,72.0,70.0,,,,,,,,
8,,,,,,,,,,,,,,,,,,,,,,,,
9,,,,,,,,,,,,,,67.0,78.0,76.0,77.0,76.0,,77.0,78.0,77.0,76.0,73.0
10,71.0,67.0,69.0,68.0,71.0,76.0,71.0,69.0,74.0,78.0,76.0,73.0,72.0,70.0,77.0,74.0,,,,,,,,
11,,,,,,,,,306.0,277.0,122.0,76.0,,,,,,,,,,,,
12,,,,,,,,,,,,,,,,,,,,,,,,
13,,,,,,,,,,,,,,,,,,,72.0,86.0,78.0,76.0,71.0,62.0
14,63.0,59.0,58.0,61.0,62.0,62.0,62.0,64.0,66.0,71.0,74.0,71.0,66.0,60.0,57.0,59.0,60.0,63.0,67.0,66.0,67.0,70.0,58.0,55.0
15,53.0,50.0,53.0,52.0,54.0,54.0,56.0,58.0,66.0,70.0,73.0,64.0,60.0,61.0,61.0,60.0,55.0,59.0,62.0,64.0,63.0,64.0,66.0,55.0
16,54.0,61.0,62.0,55.0,48.0,48.0,49.0,57.0,62.0,59.0,61.0,62.0,57.0,58.0,62.0,64.0,57.0,57.0,64.0,63.0,65.0,68.0,66.0,62.0
17,62.0,56.0,55.0,52.0,54.0,50.0,52.0,52.0,56.0,59.0,65.0,59.0,56.0,62.0,61.0,62.0,64.0,66.0,64.0,64.0,69.0,68.0,68.0,65.0
18,59.0,56.0,59.0,58.0,57.0,57.0,57.0,58.0,64.0,68.0,62.0,60.0,60.0,62.0,60.0,63.0,64.0,60.0,81.0,70.0,68.0,71.0,60.0,55.0
19,56.0,56.0,55.0,55.0,57.0,60.0,60.0,60.0,64.0,75.0,74.0,64.0,54.0,64.0,57.0,61.0,58.0,56.0,60.0,64.0,59.0,60.0,62.0,55.0
20,58.0,56.0,57.0,57.0,58.0,62.0,58.0,63.0,58.0,54.0,55.0,63.0,60.0,62.0,68.0,72.0,74.0,73.0,75.0,68.0,63.0,57.0,53.0,57.0
21,54.0,54.0,57.0,43.0,43.0,43.0,46.0,44.0,55.0,60.0,56.0,60.0,,,,,,,,,,,,
22,,,,,,,,,,,,,,,,,,,,,,,,
23,,,,,,,,,,,,,,,,,,,,,,,,
24,,,,,,,,,,,,,,,,,,,,,,,,
25,,,,,,,,,,,,,,,,,,,,,,,,
26,,,,,,,,,,,,,,,,,,,,,,,,
27,,,,,,,,,,,,,,,,,,,,,,,,
28,,,,,,,,,,,,,,,,,,,,,,,,
29,,,,,,,,,,,,,,,,,,,,,,,,
30,,,,,,,,,,,,,,,,,,,,,,,,
31,,,,,,,,,,,,,,,,,,,,,,,,
"
"
August-2022,00:00:00,01:00:00,02:00:00,03:00:00,04:00:00,05:00:00,06:00:00,07:00:00,08:00:00,09:00:00,10:00:00,11:00:00,12:00:00,13:00:00,14:00:00,15:00:00,16:00:00,17:00:00,18:00:00,19:00:00,20:00:00,21:00:00,22:00:00,23:00:00
1,,,,,,,,,,,,,,,,,,,,,,,,
2,,,,,,,,,,,,,,,,,,,,,,,,
3,,,,,,,,,,,,,,,,,,,,,,,,
4,,,,,,,,,,,,,,,,,,,,,,,,
5,,,,,,,,,,,,,,,,,,,,,,,,
6,,,,,,,,,,,,,,,,,,,,,,,,
7,,,,,,,,,,,,,,,,,,,,,,,,
8,,,,,,,,,,,,,,,,,,,,,,,,
9,,,,,,,,,,,,,,,,,,,,,,,,
10,,,,,,,,,,,,,,,,,,,,,,,,
11,,,,,,,,,,,,,,,,,,,,,,,,
12,,,,,,,,,,,,,,,,,,,,,,,,
13,,,,,,,,,,,,,,,,,,,,,,,,
14,,,,,,,,,,,,,,,,,,,,,,,,
15,,,,,,,,,,,,,,,,,,,,,,,,
16,,,,,,,,,,,,,,,,,,,,,,,,
17,,,,,,,,,,,,,,,,,,,,,,,,
18,,,,,,,,,,,,,,,,,,,,,,,,
19,,,,,,,,,,,,,,,,,,,,,,,,
20,,,,,,,,,,,,,,,,,,,,,,,,
21,,,,,,,,,,,,,,,,,,,,,,,,
22,,,,,,,,,,,,,,,,,,,,,,,,
23,,,,,,,,,,,,,,,,,,,,,,,,
24,,,,,,,,,,,,,,,,,,,,,,,,
25,,,,,,,,,,,,,,,,,,,,,,,,
26,,,,,,,,,,,,,,,,,,,,,,,,
27,,,,,,,,,,,,,,,,,,,,,,,,
28,,,,,,,,,,,,,,,,,,,,,,,,
29,,,,,,,,,,,,,,,,,,,,,,,,
30,,,,,,,,,,,,,,,,,,,,,,,,
31,,,,,,,,,,,,,,,,,,,,,,,,
"
"
September-2022,00:00:00,01:00:00,02:00:00,03:00:00,04:00:00,05:00:00,06:00:00,07:00:00,08:00:00,09:00:00,10:00:00,11:00:00,12:00:00,13:00:00,14:00:00,15:00:00,16:00:00,17:00:00,18:00:00,19:00:00,20:00:00,21:00:00,22:00:00,23:00:00
1,,,,,,,,,,,,,,,,,,,,,,,,
2,,,,,,,,,,,,,,,,,,,,,,,,
3,,,,,,,,,,,,,,,,,,,,,,,,
4,,,,,,,,,,,,,,,,,,,,,,,,
5,,,,,,,,,,,,,,,,,,,,,,,,
6,,,,,,,,,,,,,,,,,,,,,,,,
7,,,,,,,,,,,,,,,,,,,,,,,,
8,,,,,,,,,,,,,,,,,,,,,,,,
9,,,,,,,,,,,,,,,,,,,,,,,,
10,,,,,,,,,,,,,,,,,,,,,,,,
11,,,,,,,,,,,,,,,,,,,,,,,,
12,,,,,,,,,,,,,,,,,,,,,,,,
13,,,,,,,,,,,,,,,,,,,,,,,,
14,,,,,,,,,,,,,,,,,,,,,,,,
15,,,,,,,,,,,,,,,,,,,,,,,,
16,,,,,,,,,,,,,,,,,,,,,,,,
17,,,,,,,,,,,,,,,,,,,,,,,,
18,,,,,,,,,,,,,,,,,,,,,,,,
19,,,,,,,,,,,,,,,,,,,,,,,,
20,,,,,,,,,,,,,,,,,,,,,,,,
21,,,,,,,,,,,,,,,,,,,,,,,,
22,,,,,,,,,,,,,,,,,,,,,,,,
23,,,,,,,,,,,,,,,,,,,,,,,,
24,,,,,,,,,,,,,,,,,,,,,,,,
25,,,,,,,,,,,,,,,,,,,,,,,,
26,,,,,,,,,,,,,,,,,,,,,,,,
27,,,,,,,,,,,,,,,,,,,,,,,,
28,,,,,,,,,,,,,,,,,,,,,,,,
29,,,,,,,,,,,,,,,,,,,,,,,,
30,,,,,,,,,,,,,,,,,,,,,,,,
"
"
October-2022,00:00:00,01:00:00,02:00:00,03:00:00,04:00:00,05:00:00,06:00:00,07:00:00,08:00:00,09:00:00,10:00:00,11:00:00,12:00:00,13:00:00,14:00:00,15:00:00,16:00:00,17:00:00,18:00:00,19:00:00,20:00:00,21:00:00,22:00:00,23:00:00
1,,,,,,,,,,,,,,,,,,,,,,,,
2,,,,,,,,,,,,,,,,,,,,,,,,
3,,,,,,,,,,,,,,,,,,,,,,,,
4,,,,,,,,,,,,,,,,,,,,,,,,
5,,,,,,,,,,,,,,,,,,,,,,,,
6,,,,,,,,,,,,,,,,,,,,,,,,
7,,,,,,,,,,,,,,,,,,,,,,,,
8,,,,,,,,,,,,,,,,,,,,,,,,
9,,,,,,,,,,,,,,,,,,,,,,,,
10,,,,,,,,,,,,,,,,,,,,,,,,
11,,,,,,,,,,,,,,,,,,,,,,,,
12,,,,,,,,,,,,,,,,,,,,,,,,
13,,,,,,,,,,,,,,,,,,,,,,,,
14,,,,,,,,,,,,,,,,,,,,,,,,
15,,,,,,,,,,,,,,,,,,,,,,,,
16,,,,,,,,,,,,,,,,,,,,,,,,
17,,,,,,,,,,,,,,,,,,,,,,,,
18,,,,,,,,,,,,,,,,,,,,,,,,
19,,,,,,,,,,,,,,,,,,,,,,,,
20,,,,,,,,,,,,,,,,,,,,,,,,
21,,,,,,,,,,,,,,,,,,,,,,,,
22,,,,,,,,,,,,,,,,,,,,,,,,
23,,,,,,,,,,,,,,,,,,,,,,,,
24,,,,,,,,,,,,,,,,,,,,,,,,
25,,,,,,,,,,,,,,,,,,,,,,,,
26,,,,,,,,,,,,,,,,,,,,,,,,
27,,,,,,,,,,,,,,,,,,,,,,,,
28,,,,,,,,,,,,,,,,,,,,,,,,
29,,,,,,,,,,,,,,,,,,,,,,,,
30,,,,,,,,,,,,,,,,,,,,,,,,
31,,,,,,,,,,,,,,,,,,,,,,,,
"
"
November-2022,00:00:00,01:00:00,02:00:00,03:00:00,04:00:00,05:00:00,06:00:00,07:00:00,08:00:00,09:00:00,10:00:00,11:00:00,12:00:00,13:00:00,14:00:00,15:00:00,16:00:00,17:00:00,18:00:00,19:00:00,20:00:00,21:00:00,22:00:00,23:00:00
1,,,,,,,,,,,,,,,,,,,,,,,,
2,,,,,,,,,,,,,,,,,,,,,,,,
3,,,,,,,,,,,,,,,,,,,,,,,,
4,,,,,,,,,,,,,,,,,,,,,,,,
5,,,,,,,,,,,,,,,,,,,,,,,,
6,,,,,,,,,,,,,,,,,,,,,,,,
7,,,,,,,,,,,,,,,,,,,,,,,,
8,,,,,,,,,,,,,,,,,,,,,,,,
9,,,,,,,,,,,,,,,,,,,,,,,,
10,,,,,,,,,,,,,,,,,,,,,,,,
11,,,,,,,,,,,,,,,,,,,,,,,,
12,,,,,,,,,,,,,,,,,,,,,,,,
13,,,,,,,,,,,,,,,,,,,,,,,,
14,,,,,,,,,,,,,,,,,,,,,,,,
15,,,,,,,,,,,,,,,,,,,,,,,,
16,,,,,,,,,,,,,,,,,,,,,,,,
17,,,,,,,,,,,,,,,,,,,,,,,,
18,,,,,,,,,,,,,,,,,,,,,,,,
19,,,,,,,,,,,,,,,,,,,,,,,,
20,,,,,,,,,,,,,,,,,,,,,,,,
21,,,,,,,,,,,,,,,,,,,,,,,,
22,,,,,,,,,,,,,,,,,,,,,,,,
23,,,,,,,,,,,,,,,,,,,,,,,,
24,,,,,,,,,,,,,,,,,,,,,,,,
25,,,,,,,,,,,,,,,,,,,,,,,,
26,,,,,,,,,,,,,,,,,,,,,,,,
27,,,,,,,,,,,,,,,,,,,,,,,,
28,,,,,,,,,,,,,,,,,,,,,,,,
29,,,,,,,,,,,,,,,,,,,,,,,,
30,,,,,,,,,,,,,,,,,,,,,,,,
"
"
December-2022,00:00:00,01:00:00,02:00:00,03:00:00,04:00:00,05:00:00,06:00:00,07:00:00,08:00:00,09:00:00,10:00:00,11:00:00,12:00:00,13:00:00,14:00:00,15:00:00,16:00:00,17:00:00,18:00:00,19:00:00,20:00:00,21:00:00,22:00:00,23:00:00
1,,,,,,,,,,,,,,,,,,,,,,,,
2,,,,,,,,,,,,,,,,,,,,,,,,
3,,,,,,,,,,,,,,,,,,,,,,,,
4,,,,,,,,,,,,,,,,,,,,,,,,
5,,,,,,,,,,,,,,,,,,,,,,,,
6,,,,,,,,,,,,,,,,,,,,,,,,
7,,,,,,,,,,,,,,,,,,,,,,,,
8,,,,,,,,,,,,,,,,,,,,,,,,
9,,,,,,,,,,,,,,,,,,,,,,,,
10,,,,,,,,,,,,,,,,,,,,,,,,
11,,,,,,,,,,,,,,,,,,,,,,,,
12,,,,,,,,,,,,,,,,,,,,,,,,
13,,,,,,,,,,,,,,,,,,,,,,,,
14,,,,,,,,,,,,,,,,,,,,,,,,
15,,,,,,,,,,,,,,,,,,,,,,,,
16,,,,,,,,,,,,,,,,,,,,,,,,
17,,,,,,,,,,,,,,,,,,,,,,,,
18,,,,,,,,,,,,,,,,,,,,,,,,
19,,,,,,,,,,,,,,,,,,,,,,,,
20,,,,,,,,,,,,,,,,,,,,,,,,
21,,,,,,,,,,,,,,,,,,,,,,,,
22,,,,,,,,,,,,,,,,,,,,,,,,
23,,,,,,,,,,,,,,,,,,,,,,,,
24,,,,,,,,,,,,,,,,,,,,,,,,
25,,,,,,,,,,,,,,,,,,,,,,,,
26,,,,,,,,,,,,,,,,,,,,,,,,
27,,,,,,,,,,,,,,,,,,,,,,,,
28,,,,,,,,,,,,,,,,,,,,,,,,
29,,,,,,,,,,,,,,,,,,,,,,,,
30,,,,,,,,,,,,,,,,,,,,,,,,
31,,,,,,,,,,,,,,,,,,,,,,,,
"
"
Year,2023
January-2023,00:00:00,01:00:00,02:00:00,03:00:00,04:00:00,05:00:00,06:00:00,07:00:00,08:00:00,09:00:00,10:00:00,11:00:00,12:00:00,13:00:00,14:00:00,15:00:00,16:00:00,17:00:00,18:00:00,19:00:00,20:00:00,21:00:00,22:00:00,23:00:00
1,,,,,,,,,,,,,,,,,,,,,,,,
2,,,,,,,,,,,,,,,,,,,,,,,,
3,,,,,,,,,,,,,,,,,,,,,,,,
4,,,,,,,,,,,,,,,,,,,,,,,,
5,,,,,,,,,,,,,,,,,,,,,,,,
6,,,,,,,,,,,,,,,,,,,,,,,,
7,,,,,,,,,,,,,,,,,,,,,,,,
8,,,,,,,,,,,,,,,,,,,,,,,,
9,,,,,,,,,,,,,,,,,,,,,,,,
10,,,,,,,,,,,,,,,,,,,,,,,,
11,,,,,,,,,,,,,,,,,,,,,,,,
12,,,,,,,,,,,,,,,,,,,,,,,,
13,,,,,,,,,,,,,,,,,,,,,,,,
14,,,,,,,,,,,,,,,,,,,,,,,,
15,,,,,,,,,,,,,,,,,,,,,,,,
16,,,,,,,,,,,,,,,,,,,,,,,,
17,,,,,,,,,,,,,,,,,,,,,,,,
18,,,,,,,,,,,,,,,,,,,,,,,,
19,,,,,,,,,,,,,,,,,,,,,,,,
20,,,,,,,,,,,,,,,,,,,,,,,,
21,,,,,,,,,,,,,,,,,,,,,,,,
22,,,,,,,,,,,,,,,,,,,,,,,,
23,,,,,,,,,,,,,,,,,,251.0,252.0,258.0,302.0,313.0,323.0,330.0
24,333.0,334.0,335.0,331.0,326.0,329.0,325.0,335.0,343.0,387.0,389.0,420.0,400.0,369.0,351.0,332.0,318.0,324.0,330.0,327.0,340.0,342.0,335.0,333.0
25,324.0,321.0,328.0,321.0,312.0,314.0,316.0,318.0,330.0,375.0,378.0,368.0,353.0,335.0,334.0,329.0,321.0,321.0,337.0,326.0,322.0,318.0,312.0,318.0
26,314.0,319.0,335.0,335.0,333.0,344.0,340.0,343.0,393.0,403.0,394.0,375.0,351.0,,,,,,,,,,,
27,,333.0,345.0,349.0,344.0,346.0,340.0,330.0,339.0,369.0,368.0,346.0,326.0,315.0,324.0,323.0,310.0,299.0,286.0,276.0,301.0,325.0,352.0,375.0
28,351.0,334.0,346.0,367.0,359.0,359.0,353.0,344.0,350.0,373.0,376.0,355.0,351.0,349.0,389.0,360.0,332.0,312.0,299.0,231.0,292.0,307.0,332.0,379.0
29,382.0,375.0,371.0,349.0,320.0,318.0,319.0,312.0,315.0,385.0,362.0,366.0,345.0,325.0,334.0,322.0,461.0,426.0,367.0,323.0,315.0,309.0,305.0,314.0
30,308.0,304.0,,,,,,,,,,,,,,,,,,,,,,
31,,,,,,,,,,,,,,,,,,,,,,,,
"
"
February-2023,00:00:00,01:00:00,02:00:00,03:00:00,04:00:00,05:00:00,06:00:00,07:00:00,08:00:00,09:00:00,10:00:00,11:00:00,12:00:00,13:00:00,14:00:00,15:00:00,16:00:00,17:00:00,18:00:00,19:00:00,20:00:00,21:00:00,22:00:00,23:00:00
1,,,,,,,,,,,,350.0,332.0,330.0,339.0,333.0,316.0,322.0,330.0,329.0,343.0,347.0,332.0,323.0
2,317.0,316.0,317.0,325.0,311.0,305.0,321.0,322.0,331.0,388.0,390.0,367.0,333.0,324.0,321.0,311.0,300.0,253.0,241.0,247.0,303.0,349.0,344.0,326.0
3,334.0,343.0,331.0,315.0,312.0,309.0,291.0,304.0,322.0,370.0,376.0,381.0,354.0,329.0,312.0,281.0,225.0,216.0,110.0,78.0,307.0,367.0,392.0,400.0
4,385.0,356.0,352.0,343.0,325.0,337.0,337.0,327.0,343.0,397.0,421.0,413.0,376.0,346.0,324.0,309.0,283.0,259.0,238.0,222.0,328.0,377.0,372.0,363.0
5,377.0,362.0,358.0,352.0,330.0,327.0,315.0,318.0,332.0,376.0,381.0,366.0,337.0,327.0,330.0,317.0,301.0,273.0,251.0,240.0,295.0,330.0,336.0,337.0
6,342.0,351.0,344.0,338.0,332.0,329.0,327.0,320.0,345.0,378.0,363.0,356.0,347.0,322.0,299.0,239.0,173.0,136.0,151.0,169.0,252.0,312.0,337.0,343.0
7,342.0,354.0,359.0,352.0,344.0,341.0,354.0,358.0,371.0,413.0,406.0,403.0,375.0,336.0,330.0,320.0,306.0,291.0,286.0,308.0,342.0,355.0,346.0,343.0
8,343.0,346.0,333.0,321.0,308.0,304.0,307.0,316.0,335.0,385.0,419.0,411.0,376.0,342.0,333.0,316.0,303.0,279.0,260.0,285.0,349.0,90.0,393.0,384.0
9,402.0,424.0,403.0,354.0,340.0,341.0,343.0,370.0,409.0,444.0,472.0,466.0,454.0,449.0,438.0,397.0,360.0,324.0,312.0,325.0,400.0,439.0,439.0,430.0
10,407.0,407.0,408.0,401.0,386.0,380.0,378.0,374.0,389.0,476.0,500.0,477.0,361.0,266.0,205.0,,,,,,,,,
11,,,,,,,,,,271.0,317.0,323.0,,212.0,170.0,131.0,122.0,119.0,119.0,142.0,168.0,166.0,160.0,204.0
12,238.0,254.0,249.0,222.0,191.0,157.0,136.0,130.0,174.0,281.0,315.0,316.0,287.0,236.0,209.0,140.0,107.0,90.0,84.0,90.0,100.0,105.0,98.0,89.0
13,78.0,79.0,88.0,96.0,92.0,86.0,82.0,85.0,190.0,319.0,326.0,311.0,277.0,246.0,207.0,178.0,157.0,124.0,110.0,129.0,184.0,304.0,309.0,303.0
14,293.0,304.0,302.0,264.0,222.0,213.0,206.0,190.0,260.0,313.0,331.0,315.0,273.0,216.0,186.0,151.0,110.0,97.0,96.0,134.0,246.0,307.0,317.0,314.0
15,301.0,275.0,303.0,269.0,215.0,189.0,191.0,225.0,300.0,317.0,342.0,330.0,289.0,223.0,173.0,120.0,90.0,83.0,78.0,102.0,128.0,142.0,137.0,107.0
16,90.0,79.0,83.0,86.0,94.0,101.0,98.0,107.0,169.0,257.0,309.0,304.0,220.0,186.0,208.0,309.0,,,,,,,,
17,,,,,,,,,,,,,,,,,,,,,,,,
18,,,,,,,,,,,,,,,,,,,,,,,,
19,,,,,,,,,,,,,,,,,,,,,,,,
20,,,,,,,,,,,,,,,,,,,,,,,,
21,,,,,,,,,,,,,,,,,,,,,,,,
22,,,,,,,,,,,,,,,,,,,,,,,,
23,,,,,,,,,,,,,,,,,,,,,,,,
24,,,,,,,,,,,,,,,,,,,,,,,,
25,,,,,,,,,,,,,,,,,,,,,,,,
26,,,,,,,,,,,,,,,,,,,,,,,,
27,,,,,,,,,,,,,,,,,,,,,,,,
28,,,,,,,,,,,,,,,,,,,,,,,,
"
"
March-2023,00:00:00,01:00:00,02:00:00,03:00:00,04:00:00,05:00:00,06:00:00,07:00:00,08:00:00,09:00:00,10:00:00,11:00:00,12:00:00,13:00:00,14:00:00,15:00:00,16:00:00,17:00:00,18:00:00,19:00:00,20:00:00,21:00:00,22:00:00,23:00:00
1,,,,,,,,,,,,,,,,,,,,,,,,
2,,,,,,,,,,,,,,,,,,,,,,,,
3,,,,,,,,,,,,,,,,,,,,,,,,
4,,,,,,,,,,,,,,,,,,,,,,,,
5,,,,,,,,,,,,,,,,,,,,,,,,
6,,,,,,,,,,,,,,,,,,,,,,,,
7,,,,,,,,,,,,,,,,,,,,,,,,
8,,,,,,,,,,,,,,,,,,,,,,,,
9,,,,,,,,,,,,,,,,,,,,,,,,
10,,,,,,,,,,,,,,,,,,,,,,,,
11,,,,,,,,,,,,,,,,,,,,,,,,
12,,,,,,,,,,,,,,,,,,,,,,,,
13,,,,,,,,,,,,,,,,,,,,,,,,
14,,,,,,,,,,,,,,,,,,,,,,,,
15,,,,,,,,,,,,,,,,,,,,,,,,
16,,,,,,,,,,,,,,,,,,,,,,,,
17,,,,,,,,,,,,,,,,,,,,,,,,
18,,,,,,,,,,,,,,,,,,,,,,,,
19,,,,,,,,,,,,,,,,,,,,,,,,
20,,,,,,,,,,,,,,,,,,,,,,,,
21,,,,,,,,,,,,,,,,,,,,,,,,
22,,,,,,,,,,,,,,,,,,,,,,,,
23,,,,,,,,,,,,,,,,,,,,,,,,
24,,,,,,,,,,,,,,,,,,,,,,,,
25,,,,,,,,,,,,,,,,,,,,,,,,
26,,,,,,,,,,,,,,,,,,,,,,,,
27,,,,,,,,,,,,,,,,,,,,,,,,
28,,,,,,,,,,,,,,,,,,,,,,,,
29,,,,,,,,,,,,,,,,,,,,,,,,
30,,,,,,,,,,,,,,,,,,,,,,,,
31,,,,,,,,,,,,,,,,,,,,,,,,
"
"
April-2023,00:00:00,01:00:00,02:00:00,03:00:00,04:00:00,05:00:00,06:00:00,07:00:00,08:00:00,09:00:00,10:00:00,11:00:00,12:00:00,13:00:00,14:00:00,15:00:00,16:00:00,17:00:00,18:00:00,19:00:00,20:00:00,21:00:00,22:00:00,23:00:00
1,,,,,,,,,,,,,,,,,,,,,,,,
2,,,,,,,,,,,,,,,,,,,,,,,,
3,,,,,,,,,,,,,,,,,,,,,,,,
4,,,,,,,,,,,,,,,,,,,,,,,,
5,,,,,,,,,,,,,,,,,,,,,,,,
6,,,,,,,,,,,,,,,,,,,,,,,,
7,,,,,,,,,,,,,,,,,,,,,,,,
8,,,,,,,,,,,,,,,,,,,,,,,,
9,,,,,,,,,,,,,,,,,,,,,,,,
10,,,,,,,,,,,,95.0,103.0,112.0,95.0,93.0,91.0,81.0,78.0,84.0,103.0,135.0,135.0,113.0
11,124.0,108.0,103.0,98.0,102.0,138.0,159.0,157.0,186.0,260.0,292.0,227.0,180.0,157.0,107.0,86.0,77.0,74.0,80.0,134.0,187.0,160.0,156.0,137.0
12,127.0,111.0,103.0,99.0,94.0,104.0,151.0,209.0,198.0,169.0,215.0,212.0,120.0,81.0,74.0,63.0,64.0,64.0,93.0,102.0,118.0,166.0,171.0,90.0
13,90.0,88.0,,,,,,,,,,,,,,,,,,,,,,
14,,,,,,,,,,,,,,,,,,,,,,,,
15,,,,,,,,,,,,,,,,,,,,,,,,
16,,,,,,,,,,,,,,,,,,,,,,,,
17,,,,,,,,,,,,,,,,,,,,,,,,
18,,,,,,,,,,,,,,,,,,,,,,,,
19,,,,,,,,,,,,,,,,,,,,,,,,
20,,,,,,,,,,,,,,,,,,,,,,,,
21,,,,,,,,,,,,,,,,,,,,,,,,
22,,,,,,,,,,,,,,,,,,,,,,,,
23,,,,,,,,,,,,,,,,,,,,,,,,
24,,,,,,,,,,,,,,,,,,,,,,,,
25,,,,,,,,,,,,,,,,,,,,,,,,
26,,,,,,,,,,,,,,,,,,,,,,,,
27,,,,,,,,,,,,,,,,,,,,,,,,
28,,,,,,,,,,,,,,,,,,,,,,,,
29,,,,,,,,,,,,,,,,,,,,,,,,
30,,,,,,,,,,,,,,,,,,,,,,,,
"
"
May-2023,00:00:00,01:00:00,02:00:00,03:00:00,04:00:00,05:00:00,06:00:00,07:00:00,08:00:00,09:00:00,10:00:00,11:00:00,12:00:00,13:00:00,14:00:00,15:00:00,16:00:00,17:00:00,18:00:00,19:00:00,20:00:00,21:00:00,22:00:00,23:00:00
1,,,,,,,,,,,,,,,,,,,,,,,,
2,,,,,,,,,,,,,,,,,,,,,,,,
3,,,,,,,,,,,,,,,,,,,,,,,,
4,,,,,,,,,,,,,,,,,,,,,,,,
5,,,,,,,,,,,,,,,,,,,,,,,,
6,,,,,,,,,,,,,,,,,,,,,,,,
7,,,,,,,,,,,,,,,,,,,,,,,,
8,,,,,,,,,,,,,,,,,,,,,,,,
9,,,,,,,,,,,,,,,,,,,,,,,,
10,,,,,,,,,,,,,,,,,,,,,,,,
11,,,,,,,,,,,,,,,,,,,,,,,,
12,,,,,,,,,,,,,,,,,,,,,,,,
13,,,,,,,,,,,,,,,,,,,,,,,,
14,,,,,,,,,,,,,,,,,,,,,,,,
15,,,,,,,,,,,,,,,,,,,,,,,,
16,,,,,,,,,,,,,,,,,,,,,,,,
17,,,,,,,,,,,,,,,,,,,,,,,,
18,,,,,,,,,,,,,,,,,,,,,,,,
19,,,,,,,,,,,,,,,,,,,,,,,,
20,,,,,,,,,,,,,,,,,,,,,,,,
21,,,,,,,,,,,,,,,,,,,,,,,,
22,,,,,,,,,,,,,,,,,,,,,,,,
23,,,,,,,,,,,,,,,,,,,,,,,,
24,,,,,,,,,,,,,,,,,,,,,,,,
25,,,,,,,,,,,,,,,,,,,,,,,,
26,,,,,,,,,,,,,,,,,,,,,,,,
27,,,,,,,,,,,,,,,,,,,,,,,,
28,,,,,,,,,,,,,,,,,,,,,,,,
29,,,,,,,,,,,,,,,,,,,,,,,,
30,,,,,,,,,,,,,,,,,,,,,,,93.0,73.0
31,72.0,76.0,74.0,64.0,66.0,64.0,67.0,68.0,84.0,92.0,108.0,107.0,93.0,87.0,89.0,90.0,92.0,97.0,103.0,134.0,138.0,80.0,81.0,82.0
"
"
June-2023,00:00:00,01:00:00,02:00:00,03:00:00,04:00:00,05:00:00,06:00:00,07:00:00,08:00:00,09:00:00,10:00:00,11:00:00,12:00:00,13:00:00,14:00:00,15:00:00,16:00:00,17:00:00,18:00:00,19:00:00,20:00:00,21:00:00,22:00:00,23:00:00
1,91.0,93.0,87.0,80.0,79.0,88.0,82.0,89.0,91.0,133.0,152.0,133.0,107.0,101.0,89.0,86.0,79.0,71.0,80.0,99.0,,,,
2,,,,,,,,,,,,,,,,,,,,,,,,
3,,,,,,,,,,,,,,,,,,,,,,,,
4,,,,,,,,,,,,,,,75.0,109.0,104.0,82.0,78.0,74.0,80.0,74.0,89.0,88.0
5,98.0,83.0,71.0,67.0,63.0,66.0,65.0,70.0,76.0,72.0,64.0,68.0,68.0,64.0,66.0,68.0,70.0,70.0,72.0,73.0,74.0,73.0,69.0,71.0
6,65.0,66.0,80.0,72.0,62.0,60.0,64.0,67.0,68.0,70.0,68.0,67.0,65.0,68.0,73.0,74.0,79.0,79.0,84.0,89.0,89.0,87.0,91.0,82.0
7,76.0,76.0,71.0,63.0,60.0,62.0,66.0,69.0,70.0,70.0,68.0,66.0,68.0,72.0,72.0,68.0,70.0,72.0,75.0,80.0,78.0,77.0,81.0,64.0
8,73.0,77.0,72.0,66.0,68.0,66.0,66.0,67.0,71.0,70.0,68.0,68.0,68.0,66.0,64.0,66.0,70.0,67.0,72.0,76.0,69.0,70.0,72.0,68.0
9,66.0,66.0,64.0,66.0,69.0,71.0,64.0,64.0,66.0,70.0,71.0,67.0,66.0,73.0,79.0,67.0,75.0,80.0,143.0,195.0,149.0,145.0,109.0,154.0
10,165.0,118.0,90.0,78.0,70.0,83.0,78.0,82.0,78.0,78.0,74.0,73.0,65.0,72.0,79.0,73.0,98.0,84.0,91.0,124.0,142.0,131.0,145.0,102.0
11,91.0,78.0,72.0,81.0,72.0,65.0,79.0,98.0,145.0,205.0,196.0,135.0,122.0,100.0,102.0,93.0,90.0,85.0,98.0,101.0,124.0,105.0,138.0,134.0
12,129.0,170.0,133.0,110.0,105.0,99.0,93.0,123.0,145.0,175.0,167.0,158.0,160.0,189.0,197.0,184.0,157.0,189.0,196.0,165.0,157.0,138.0,127.0,142.0
13,104.0,94.0,86.0,72.0,74.0,69.0,68.0,75.0,95.0,87.0,92.0,126.0,166.0,163.0,181.0,300.0,243.0,210.0,198.0,204.0,192.0,154.0,150.0,146.0
14,115.0,118.0,94.0,91.0,91.0,75.0,66.0,78.0,,88.0,97.0,151.0,167.0,144.0,188.0,179.0,156.0,175.0,178.0,204.0,178.0,134.0,106.0,115.0
15,86.0,73.0,68.0,75.0,90.0,76.0,84.0,95.0,155.0,135.0,149.0,158.0,174.0,166.0,234.0,225.0,234.0,240.0,227.0,201.0,180.0,151.0,110.0,97.0
16,84.0,83.0,75.0,75.0,74.0,70.0,70.0,96.0,97.0,125.0,140.0,176.0,199.0,269.0,294.0,306.0,305.0,261.0,201.0,129.0,98.0,89.0,93.0,78.0
17,88.0,97.0,71.0,75.0,81.0,81.0,71.0,85.0,95.0,117.0,171.0,184.0,198.0,215.0,217.0,223.0,222.0,237.0,223.0,186.0,181.0,157.0,137.0,152.0
18,128.0,124.0,117.0,101.0,98.0,90.0,89.0,103.0,98.0,99.0,124.0,132.0,128.0,163.0,158.0,164.0,170.0,170.0,176.0,184.0,176.0,153.0,157.0,163.0
19,166.0,118.0,100.0,96.0,92.0,91.0,98.0,103.0,107.0,120.0,164.0,150.0,163.0,179.0,190.0,185.0,183.0,184.0,194.0,182.0,157.0,153.0,139.0,127.0
20,110.0,95.0,92.0,95.0,85.0,80.0,75.0,91.0,107.0,147.0,161.0,127.0,148.0,155.0,154.0,,144.0,149.0,146.0,168.0,164.0,138.0,118.0,97.0
21,91.0,78.0,83.0,80.0,79.0,70.0,74.0,70.0,81.0,82.0,135.0,143.0,139.0,137.0,144.0,142.0,153.0,138.0,152.0,132.0,123.0,104.0,100.0,95.0
22,86.0,83.0,78.0,75.0,78.0,75.0,76.0,82.0,84.0,82.0,95.0,85.0,93.0,110.0,107.0,96.0,105.0,122.0,128.0,128.0,125.0,94.0,97.0,90.0
23,77.0,77.0,69.0,73.0,69.0,67.0,65.0,68.0,71.0,76.0,98.0,85.0,80.0,81.0,68.0,85.0,93.0,117.0,91.0,86.0,84.0,73.0,67.0,76.0
24,67.0,68.0,68.0,64.0,62.0,66.0,,,,,,,,,,,,,,,,,,
25,,,,,,,,,,,,,,,,,,,,,,,,
26,,,,,,,,,,,,,,,,,,,,,,,,
27,,,,,,,,,,,,,,,,,,,,,,,,
28,,,,,,,,,,,,,,,,,,,,,,,,
29,,,,,,,,,,,,,,,,,,,,,,,,
30,,,,,,,,,,,,,,,,,,,,,,,,
"
"
July-2023,00:00:00,01:00:00,02:00:00,03:00:00,04:00:00,05:00:00,06:00:00,07:00:00,08:00:00,09:00:00,10:00:00,11:00:00,12:00:00,13:00:00,14:00:00,15:00:00,16:00:00,17:00:00,18:00:00,19:00:00,20:00:00,21:00:00,22:00:00,23:00:00
1,,,,,,,,,,,,,,,,,,,,,,,,
2,,,,,,,,,,,,,,,,,,,,,,,,
3,,,,,,,,,,,,,,,,,,,,,,,,
4,,,,,,,,,,,,,,,,,,,,,,,,
5,,,,,,,,,,,,,,,,,,,,,,,,
6,,,,,,,,,,,,,,,,,,,,,,,,
7,,,,,,,,,,,,,,,,,,,,,,,,
8,,,,,,,,,,,,,,,,,,,,,,,,
9,,,,,,,,,,,,,,,,,,,,,,,,
10,,,,,,,,,,,,,,,,,,,,,,,,
11,,,,,,,,,,,,,,,,,,,,,,,,
12,,,,,,,,,,,,,,,,,,,,,,,,
13,,,,,,,,,,,,,,,,,,,,,,,,
14,,,,,,,,,,,,,,,,,,,,,,,,
15,,,,,,,,,,,,,,,,,,,,,,,,
16,,,,,,,,,,,,,,,,,,,,,,,,
17,,,,,,,,,,,,,,,,,,,,,,,,
18,,,,,,,,,,,,,,,,,,,,,,,,
19,,,,,,,,,,,,,,,,,,,,,,,,
20,,,,,,,,,,,,,,,,,,,,,,,,
21,,,,,,,,,,,,,,,,,,,,,,,,
22,,,,,,,,,,,,,,,,,,,,,,,,
23,,,,,,,,,,,,,,,,,,,,,,,,
24,,,,,,,,,,,,,,,,,,,,,,,,
25,,,,,,,,,,,350.0,88.0,62.0,68.0,70.0,68.0,72.0,70.0,72.0,70.0,75.0,68.0,68.0,68.0
26,63.0,63.0,64.0,62.0,66.0,69.0,61.0,68.0,71.0,72.0,70.0,66.0,74.0,70.0,66.0,,,,,,,,,
27,,,,,,,,,,,,,,,,,,,,,,,,
28,,,,,,,,,,,,,,,,,,,,,,,,
29,,,,,,,,,,,,,,,,,,,,,,,,
30,,,,,,,,,,,,,,,,,,,,,,,,
31,,,,,,,,,,,,,,,,,,,,,,,,
"
"
August-2023,00:00:00,01:00:00,02:00:00,03:00:00,04:00:00,05:00:00,06:00:00,07:00:00,08:00:00,09:00:00,10:00:00,11:00:00,12:00:00,13:00:00,14:00:00,15:00:00,16:00:00,17:00:00,18:00:00,19:00:00,20:00:00,21:00:00,22:00:00,23:00:00
1,,,,,,,,,,,,,,,,,,,,,,,,
2,,,,,,,,,,,,,,,,,,,,,,,,
3,,,,,,,,,,,,,,,,,,,,,,,,
4,,,,,,,,,,,,,,,,,,,,,,,,
5,,,,,,,,,,,,,,,,,,,,,,,,
6,,,,,,,,,,,,,,,,,,,,,,,,
7,,,,,,,,,,,,,,,,,,,,,,,,
8,,,,,,,,,,,,,,,,,,,,,,,,
9,,,,,,,,,,,,,,,,,,,,,,,,
10,,,,,,,,,,,,,,,,,,,,,,,,
11,,,,,,,,,,,,,,,,9.0,88.0,69.0,80.0,82.0,123.0,105.0,103.0,84.0
12,77.0,76.0,71.0,72.0,76.0,70.0,66.0,73.0,79.0,77.0,85.0,93.0,92.0,79.0,91.0,83.0,89.0,96.0,86.0,79.0,80.0,76.0,79.0,68.0
13,67.0,72.0,84.0,66.0,68.0,68.0,73.0,76.0,79.0,76.0,72.0,73.0,72.0,64.0,74.0,72.0,74.0,79.0,73.0,72.0,79.0,74.0,76.0,81.0
14,72.0,73.0,65.0,60.0,64.0,65.0,69.0,74.0,76.0,82.0,78.0,85.0,76.0,82.0,83.0,81.0,75.0,81.0,73.0,87.0,100.0,94.0,87.0,72.0
15,77.0,74.0,78.0,70.0,69.0,65.0,67.0,76.0,62.0,76.0,72.0,70.0,72.0,61.0,60.0,66.0,68.0,64.0,72.0,70.0,68.0,68.0,70.0,66.0
16,63.0,72.0,65.0,60.0,64.0,57.0,70.0,68.0,74.0,80.0,68.0,68.0,71.0,72.0,77.0,75.0,76.0,85.0,80.0,,,,,
17,,,,,,,,,74.0,74.0,66.0,64.0,69.0,66.0,66.0,66.0,67.0,66.0,72.0,71.0,72.0,72.0,74.0,74.0
18,67.0,66.0,65.0,66.0,62.0,66.0,66.0,66.0,72.0,72.0,64.0,70.0,85.0,94.0,93.0,95.0,119.0,117.0,100.0,92.0,89.0,76.0,70.0,68.0
19,66.0,62.0,62.0,65.0,65.0,68.0,67.0,70.0,72.0,73.0,74.0,70.0,74.0,74.0,90.0,94.0,98.0,107.0,98.0,85.0,76.0,72.0,70.0,69.0
20,66.0,66.0,68.0,70.0,65.0,66.0,68.0,67.0,68.0,68.0,72.0,68.0,70.0,,,,,,,,,,,
21,,,,,,,,,,,,,,,,,,,,,,,,
22,,,,,,,,,,,,,,,135.0,75.0,,,,,,,,
23,,,,,,,,,,,,,,,,,,,,,,,,
24,,,,,,,,,,,,,,,,,,,,,,,,
25,,,,,,,,,,,,,,,,,,,,,,,,
26,,,,,,,,,,,,,,,,,,,,,,,,
27,,,,,,,,,,,,,,,,,,,,,,,,
28,,,,,,,,,,,,,,,,,,,,,,,,
29,,,,,,,,,,,,,,,,85.0,66.0,109.0,134.0,149.0,154.0,180.0,152.0,144.0
30,133.0,,,423.0,329.0,208.0,129.0,108.0,119.0,136.0,167.0,164.0,161.0,172.0,179.0,183.0,154.0,141.0,,,,,,
31,,,,,,,,97.0,100.0,152.0,194.0,206.0,182.0,159.0,170.0,165.0,192.0,221.0,310.0,139.0,142.0,197.0,144.0,173.0
"
"
September-2023,00:00:00,01:00:00,02:00:00,03:00:00,04:00:00,05:00:00,06:00:00,07:00:00,08:00:00,09:00:00,10:00:00,11:00:00,12:00:00,13:00:00,14:00:00,15:00:00,16:00:00,17:00:00,18:00:00,19:00:00,20:00:00,21:00:00,22:00:00,23:00:00
1,184.0,149.0,136.0,128.0,113.0,101.0,95.0,95.0,118.0,128.0,138.0,147.0,140.0,149.0,150.0,162.0,171.0,195.0,146.0,165.0,218.0,173.0,150.0,143.0
2,141.0,133.0,139.0,133.0,102.0,111.0,89.0,,,,,,,,,,,,,,,,,
3,,,,,,,,,,,,,,,,,,,,,,,,
4,,,,,,,,,,,,72.0,72.0,94.0,131.0,128.0,117.0,127.0,138.0,156.0,180.0,188.0,170.0,147.0
5,151.0,141.0,130.0,123.0,115.0,106.0,114.0,126.0,128.0,150.0,150.0,119.0,114.0,132.0,128.0,130.0,144.0,126.0,113.0,124.0,151.0,180.0,174.0,177.0
6,163.0,159.0,131.0,127.0,119.0,101.0,95.0,101.0,104.0,130.0,146.0,132.0,128.0,133.0,141.0,138.0,143.0,162.0,166.0,181.0,177.0,173.0,161.0,150.0
7,148.0,111.0,88.0,95.0,111.0,95.0,93.0,90.0,99.0,115.0,117.0,104.0,69.0,69.0,70.0,72.0,71.0,73.0,,,,,,
8,,,,,,,,,72.0,81.0,80.0,88.0,70.0,67.0,42.0,66.0,,,,,,,,
9,,,,,,,,,,,,,,,,,,,,,,,,
10,,,,,,,,,,,,,,,,,,,,,,,74.0,70.0
11,68.0,68.0,64.0,66.0,70.0,66.0,68.0,73.0,73.0,76.0,73.0,70.0,71.0,72.0,70.0,,,,,,,,,
12,,,,,,,,,,,,,,,,,,,,,,86.0,86.0,85.0
13,88.0,78.0,71.0,62.0,60.0,62.0,58.0,64.0,72.0,120.0,116.0,87.0,81.0,80.0,,,,62.0,76.0,86.0,80.0,73.0,75.0,74.0
14,72.0,68.0,68.0,71.0,60.0,59.0,59.0,60.0,66.0,87.0,97.0,83.0,80.0,72.0,79.0,73.0,75.0,71.0,72.0,71.0,70.0,77.0,70.0,75.0
15,80.0,75.0,69.0,66.0,59.0,58.0,57.0,74.0,86.0,116.0,100.0,91.0,89.0,87.0,79.0,80.0,83.0,85.0,91.0,88.0,95.0,94.0,94.0,77.0
16,65.0,60.0,64.0,60.0,58.0,61.0,61.0,65.0,68.0,68.0,66.0,68.0,72.0,70.0,72.0,78.0,69.0,71.0,76.0,81.0,90.0,92.0,99.0,86.0
17,75.0,62.0,62.0,64.0,57.0,54.0,57.0,58.0,62.0,66.0,64.0,64.0,56.0,64.0,70.0,68.0,72.0,73.0,73.0,70.0,74.0,86.0,95.0,101.0
18,144.0,166.0,135.0,94.0,75.0,61.0,54.0,56.0,68.0,66.0,66.0,76.0,,76.0,77.0,72.0,70.0,74.0,83.0,90.0,87.0,95.0,97.0,79.0
19,60.0,64.0,60.0,58.0,60.0,55.0,55.0,60.0,76.0,79.0,75.0,69.0,66.0,70.0,68.0,68.0,71.0,69.0,74.0,72.0,84.0,98.0,89.0,77.0
20,68.0,62.0,59.0,58.0,57.0,57.0,86.0,109.0,97.0,88.0,77.0,74.0,76.0,76.0,65.0,64.0,64.0,62.0,64.0,68.0,70.0,69.0,68.0,62.0
21,55.0,56.0,54.0,54.0,52.0,52.0,53.0,60.0,67.0,66.0,64.0,55.0,55.0,60.0,62.0,63.0,64.0,64.0,70.0,74.0,79.0,66.0,74.0,66.0
22,62.0,58.0,57.0,56.0,54.0,55.0,57.0,60.0,66.0,72.0,60.0,60.0,59.0,66.0,70.0,66.0,66.0,66.0,77.0,68.0,73.0,72.0,66.0,63.0
23,58.0,63.0,64.0,58.0,59.0,53.0,54.0,56.0,67.0,59.0,62.0,62.0,61.0,61.0,62.0,66.0,69.0,69.0,74.0,74.0,74.0,68.0,69.0,62.0
24,60.0,56.0,67.0,58.0,57.0,56.0,68.0,54.0,64.0,,,95.0,68.0,66.0,66.0,70.0,74.0,72.0,76.0,79.0,79.0,70.0,83.0,68.0
25,70.0,76.0,66.0,60.0,68.0,80.0,66.0,67.0,76.0,90.0,96.0,94.0,95.0,101.0,102.0,101.0,100.0,92.0,95.0,96.0,100.0,83.0,87.0,80.0
26,77.0,66.0,68.0,78.0,79.0,71.0,67.0,68.0,79.0,99.0,109.0,106.0,100.0,88.0,84.0,77.0,72.0,75.0,93.0,89.0,93.0,76.0,73.0,62.0
27,53.0,54.0,54.0,51.0,48.0,48.0,51.0,52.0,55.0,68.0,76.0,77.0,73.0,74.0,,,,,,,,,,
28,,,,,,,,,,,,,,,,,,,,,,,,
29,,,,,,,,,,,,,,,,,,,,,,,,
30,,,,,,,,,,,,,,,,,,,,,,,,
"
"
October-2023,00:00:00,01:00:00,02:00:00,03:00:00,04:00:00,05:00:00,06:00:00,07:00:00,08:00:00,09:00:00,10:00:00,11:00:00,12:00:00,13:00:00,14:00:00,15:00:00,16:00:00,17:00:00,18:00:00,19:00:00,20:00:00,21:00:00,22:00:00,23:00:00
1,,,,,,,,,,,,,,,,,,,,,,,,
2,,,,,,,,,,,,,,,,,,,,,,,,
3,,,,,,,,,,,,,,,,,,,265.0,236.0,239.0,268.0,294.0,292.0
4,283.0,270.0,256.0,239.0,208.0,183.0,172.0,169.0,164.0,181.0,227.0,224.0,251.0,256.0,217.0,184.0,172.0,169.0,185.0,222.0,230.0,225.0,244.0,263.0
5,258.0,250.0,215.0,204.0,192.0,177.0,191.0,172.0,164.0,219.0,272.0,273.0,301.0,268.0,257.0,230.0,218.0,228.0,234.0,237.0,249.0,249.0,267.0,293.0
6,287.0,259.0,230.0,217.0,190.0,170.0,182.0,193.0,204.0,252.0,300.0,281.0,275.0,232.0,183.0,153.0,152.0,182.0,239.0,319.0,205.0,55.0,154.0,189.0
7,226.0,255.0,243.0,216.0,206.0,171.0,171.0,201.0,200.0,301.0,314.0,303.0,235.0,202.0,162.0,168.0,175.0,203.0,233.0,283.0,293.0,280.0,303.0,293.0
8,282.0,286.0,300.0,302.0,293.0,309.0,304.0,309.0,310.0,320.0,318.0,,,,,,,,,,,,,
9,,,,,,,,,,,,,,,,,,,,170.0,179.0,202.0,217.0,223.0
10,209.0,198.0,235.0,214.0,172.0,175.0,204.0,230.0,279.0,302.0,305.0,283.0,212.0,164.0,131.0,93.0,84.0,102.0,125.0,161.0,205.0,192.0,182.0,174.0
11,138.0,122.0,131.0,154.0,213.0,211.0,167.0,127.0,146.0,233.0,307.0,302.0,224.0,149.0,131.0,125.0,121.0,118.0,118.0,168.0,198.0,178.0,141.0,117.0
12,111.0,98.0,101.0,96.0,112.0,167.0,177.0,164.0,183.0,197.0,197.0,156.0,139.0,155.0,169.0,159.0,150.0,142.0,139.0,183.0,268.0,308.0,311.0,314.0
13,316.0,311.0,307.0,288.0,246.0,238.0,226.0,253.0,304.0,310.0,306.0,285.0,243.0,205.0,177.0,148.0,137.0,123.0,105.0,151.0,273.0,316.0,315.0,321.0
14,322.0,324.0,320.0,309.0,283.0,231.0,188.0,188.0,230.0,271.0,304.0,290.0,238.0,202.0,158.0,105.0,93.0,84.0,88.0,127.0,186.0,195.0,206.0,229.0
15,245.0,254.0,266.0,267.0,267.0,286.0,290.0,270.0,284.0,309.0,312.0,289.0,218.0,174.0,164.0,135.0,105.0,93.0,96.0,164.0,225.0,208.0,217.0,249.0
16,262.0,292.0,300.0,272.0,273.0,278.0,268.0,266.0,263.0,281.0,306.0,301.0,253.0,209.0,176.0,166.0,143.0,143.0,164.0,199.0,287.0,316.0,326.0,328.0
17,326.0,,,,,,,,199.0,279.0,309.0,280.0,251.0,219.0,186.0,164.0,164.0,167.0,138.0,184.0,296.0,278.0,235.0,234.0
18,233.0,247.0,289.0,293.0,277.0,291.0,241.0,235.0,257.0,273.0,271.0,254.0,226.0,210.0,167.0,117.0,102.0,101.0,101.0,122.0,176.0,203.0,198.0,219.0
19,249.0,262.0,272.0,241.0,225.0,243.0,228.0,238.0,258.0,256.0,245.0,196.0,151.0,120.0,113.0,124.0,130.0,139.0,162.0,178.0,191.0,171.0,147.0,122.0
20,127.0,151.0,161.0,172.0,175.0,189.0,174.0,174.0,185.0,213.0,237.0,247.0,230.0,209.0,205.0,196.0,179.0,170.0,171.0,189.0,275.0,309.0,301.0,300.0
21,294.0,300.0,308.0,305.0,286.0,249.0,234.0,242.0,252.0,273.0,267.0,236.0,215.0,191.0,180.0,175.0,170.0,165.0,147.0,141.0,133.0,128.0,124.0,150.0
22,166.0,134.0,133.0,126.0,122.0,148.0,168.0,153.0,167.0,174.0,208.0,226.0,208.0,190.0,157.0,115.0,97.0,96.0,97.0,128.0,218.0,304.0,306.0,300.0
23,262.0,272.0,301.0,285.0,250.0,245.0,241.0,228.0,290.0,313.0,310.0,304.0,279.0,226.0,177.0,137.0,115.0,122.0,134.0,180.0,241.0,252.0,250.0,272.0
24,301.0,288.0,304.0,315.0,327.0,321.0,307.0,265.0,260.0,290.0,295.0,248.0,215.0,185.0,148.0,118.0,98.0,90.0,86.0,97.0,150.0,196.0,178.0,161.0
25,146.0,154.0,148.0,150.0,158.0,165.0,169.0,182.0,209.0,231.0,246.0,240.0,234.0,193.0,177.0,142.0,121.0,117.0,109.0,151.0,225.0,278.0,281.0,255.0
26,231.0,219.0,224.0,233.0,235.0,230.0,202.0,191.0,221.0,258.0,284.0,275.0,245.0,235.0,,,,,,,,,,
27,,,,,,,,,,,,,,,,,,,,162.0,236.0,254.0,232.0,203.0
28,219.0,231.0,233.0,248.0,235.0,,,,,260.0,,,262.0,216.0,198.0,144.0,140.0,135.0,126.0,136.0,247.0,311.0,317.0,315.0
29,312.0,312.0,319.0,318.0,314.0,314.0,307.0,292.0,278.0,272.0,308.0,305.0,253.0,231.0,207.0,163.0,141.0,127.0,113.0,130.0,219.0,311.0,321.0,288.0
30,256.0,255.0,299.0,304.0,305.0,304.0,301.0,305.0,334.0,319.0,207.0,68.0,50.0,41.0,40.0,38.0,41.0,41.0,54.0,92.0,74.0,60.0,71.0,59.0
31,71.0,59.0,37.0,59.0,37.0,50.0,64.0,51.0,59.0,89.0,73.0,127.0,61.0,39.0,40.0,39.0,40.0,69.0,48.0,103.0,68.0,111.0,218.0,277.0
"
"
November-2023,00:00:00,01:00:00,02:00:00,03:00:00,04:00:00,05:00:00,06:00:00,07:00:00,08:00:00,09:00:00,10:00:00,11:00:00,12:00:00,13:00:00,14:00:00,15:00:00,16:00:00,17:00:00,18:00:00,19:00:00,20:00:00,21:00:00,22:00:00,23:00:00
1,282.0,244.0,180.0,124.0,114.0,125.0,117.0,122.0,203.0,274.0,242.0,173.0,134.0,87.0,77.0,73.0,65.0,58.0,66.0,68.0,82.0,98.0,86.0,82.0
2,126.0,152.0,119.0,117.0,126.0,135.0,112.0,120.0,239.0,330.0,324.0,227.0,130.0,84.0,70.0,65.0,73.0,81.0,,104.0,137.0,202.0,220.0,172.0
3,142.0,138.0,123.0,99.0,93.0,93.0,107.0,142.0,175.0,193.0,224.0,215.0,172.0,130.0,93.0,92.0,87.0,77.0,80.0,105.0,148.0,216.0,250.0,263.0
4,234.0,173.0,155.0,138.0,130.0,142.0,123.0,136.0,162.0,224.0,307.0,310.0,245.0,182.0,126.0,124.0,120.0,78.0,62.0,83.0,171.0,233.0,220.0,210.0
5,189.0,212.0,230.0,215.0,216.0,194.0,189.0,224.0,230.0,261.0,283.0,241.0,201.0,153.0,115.0,99.0,86.0,72.0,67.0,87.0,118.0,114.0,99.0,94.0
6,109.0,130.0,103.0,94.0,92.0,85.0,88.0,96.0,144.0,208.0,219.0,202.0,174.0,137.0,96.0,77.0,89.0,97.0,94.0,117.0,157.0,155.0,142.0,174.0
7,203.0,184.0,154.0,142.0,137.0,137.0,149.0,146.0,208.0,305.0,307.0,276.0,199.0,113.0,90.0,83.0,71.0,65.0,,90.0,93.0,154.0,142.0,108.0
8,109.0,98.0,96.0,134.0,136.0,140.0,139.0,125.0,108.0,114.0,112.0,92.0,72.0,51.0,37.0,41.0,42.0,,46.0,62.0,61.0,48.0,60.0,55.0
9,64.0,54.0,50.0,62.0,68.0,60.0,66.0,75.0,,,238.0,94.0,48.0,36.0,34.0,36.0,48.0,45.0,53.0,54.0,57.0,54.0,63.0,90.0
10,98.0,83.0,67.0,62.0,56.0,39.0,36.0,47.0,58.0,87.0,123.0,135.0,98.0,78.0,61.0,41.0,44.0,64.0,67.0,,,,,
11,,,,,,,,,,,,,,,,,,66.0,77.0,81.0,131.0,200.0,225.0,213.0
12,266.0,281.0,237.0,206.0,170.0,116.0,123.0,172.0,186.0,194.0,210.0,180.0,150.0,,,,,,,,,,,
13,481.0,481.0,421.0,357.0,322.0,305.0,225.0,170.0,138.0,141.0,145.0,135.0,128.0,102.0,101.0,115.0,129.0,121.0,129.0,144.0,208.0,293.0,326.0,341.0
14,323.0,290.0,240.0,172.0,168.0,150.0,142.0,141.0,154.0,203.0,226.0,311.0,303.0,182.0,141.0,118.0,112.0,103.0,110.0,137.0,204.0,303.0,314.0,313.0
15,306.0,283.0,207.0,147.0,126.0,94.0,77.0,85.0,95.0,128.0,210.0,226.0,,,,,,,,,,,,
16,,,,,,,,,,,,223.0,60.0,94.0,113.0,93.0,99.0,91.0,,,,,,
17,,,,,,,,,,,306.0,299.0,274.0,191.0,183.0,144.0,134.0,143.0,97.0,152.0,195.0,252.0,270.0,269.0
18,214.0,229.0,207.0,204.0,190.0,228.0,252.0,231.0,251.0,310.0,308.0,302.0,249.0,216.0,141.0,163.0,108.0,97.0,124.0,168.0,193.0,180.0,187.0,228.0
19,193.0,167.0,184.0,172.0,175.0,127.0,153.0,163.0,207.0,271.0,307.0,302.0,215.0,165.0,125.0,105.0,94.0,84.0,136.0,111.0,127.0,128.0,200.0,184.0
20,217.0,218.0,263.0,225.0,225.0,212.0,201.0,212.0,189.0,272.0,198.0,161.0,153.0,79.0,64.0,68.0,74.0,85.0,68.0,88.0,124.0,205.0,168.0,168.0
21,130.0,148.0,164.0,113.0,104.0,117.0,86.0,112.0,186.0,209.0,236.0,143.0,141.0,89.0,80.0,76.0,75.0,77.0,72.0,83.0,84.0,120.0,100.0,89.0
22,159.0,140.0,127.0,158.0,182.0,101.0,122.0,120.0,158.0,219.0,262.0,242.0,167.0,132.0,,,,50.0,91.0,81.0,89.0,161.0,143.0,195.0
23,210.0,150.0,171.0,163.0,134.0,122.0,112.0,114.0,149.0,208.0,208.0,182.0,168.0,123.0,75.0,70.0,74.0,68.0,72.0,101.0,154.0,220.0,229.0,201.0
24,202.0,191.0,141.0,150.0,97.0,110.0,194.0,247.0,220.0,196.0,196.0,119.0,80.0,77.0,44.0,40.0,55.0,52.0,65.0,61.0,105.0,157.0,144.0,222.0
25,198.0,196.0,170.0,123.0,121.0,101.0,199.0,280.0,218.0,151.0,130.0,99.0,108.0,84.0,60.0,66.0,63.0,89.0,74.0,71.0,103.0,108.0,156.0,125.0
26,161.0,182.0,180.0,159.0,112.0,96.0,95.0,104.0,94.0,97.0,107.0,104.0,94.0,60.0,50.0,35.0,46.0,40.0,44.0,46.0,44.0,48.0,62.0,63.0
27,42.0,39.0,45.0,42.0,39.0,44.0,42.0,50.0,47.0,60.0,58.0,41.0,54.0,40.0,44.0,48.0,50.0,44.0,59.0,57.0,50.0,48.0,48.0,43.0
28,35.0,36.0,43.0,40.0,44.0,42.0,47.0,44.0,56.0,141.0,140.0,128.0,87.0,50.0,45.0,64.0,40.0,46.0,52.0,53.0,52.0,52.0,76.0,83.0
29,84.0,89.0,140.0,115.0,90.0,87.0,87.0,89.0,115.0,183.0,185.0,122.0,130.0,112.0,106.0,69.0,73.0,63.0,56.0,52.0,55.0,70.0,92.0,106.0
30,100.0,108.0,92.0,112.0,135.0,95.0,146.0,126.0,147.0,223.0,185.0,132.0,122.0,85.0,61.0,65.0,42.0,53.0,52.0,52.0,57.0,57.0,56.0,84.0
"
"
December-2023,00:00:00,01:00:00,02:00:00,03:00:00,04:00:00,05:00:00,06:00:00,07:00:00,08:00:00,09:00:00,10:00:00,11:00:00,12:00:00,13:00:00,14:00:00,15:00:00,16:00:00,17:00:00,18:00:00,19:00:00,20:00:00,21:00:00,22:00:00,23:00:00
1,73.0,62.0,69.0,72.0,126.0,79.0,92.0,87.0,87.0,161.0,101.0,137.0,139.0,81.0,56.0,54.0,42.0,47.0,60.0,59.0,58.0,78.0,73.0,80.0
2,79.0,80.0,75.0,73.0,64.0,52.0,73.0,97.0,139.0,155.0,161.0,167.0,126.0,81.0,82.0,43.0,48.0,54.0,59.0,59.0,76.0,93.0,161.0,261.0
3,255.0,166.0,159.0,218.0,163.0,106.0,138.0,145.0,245.0,248.0,274.0,,,,,,,,,,,,,
4,,,,,,,,,,82.0,186.0,100.0,85.0,54.0,48.0,40.0,44.0,56.0,66.0,91.0,94.0,95.0,82.0,107.0
5,119.0,86.0,96.0,76.0,97.0,85.0,91.0,100.0,207.0,191.0,304.0,172.0,108.0,95.0,73.0,48.0,60.0,55.0,54.0,58.0,97.0,116.0,95.0,109.0
6,88.0,86.0,122.0,156.0,164.0,180.0,197.0,218.0,241.0,246.0,232.0,204.0,171.0,93.0,85.0,60.0,51.0,45.0,47.0,54.0,72.0,71.0,124.0,160.0
7,182.0,186.0,208.0,128.0,203.0,166.0,157.0,205.0,236.0,237.0,288.0,300.0,221.0,130.0,59.0,43.0,39.0,40.0,53.0,62.0,94.0,145.0,222.0,208.0
8,212.0,215.0,181.0,164.0,94.0,97.0,107.0,142.0,213.0,247.0,232.0,270.0,229.0,126.0,70.0,61.0,53.0,48.0,49.0,83.0,76.0,114.0,235.0,233.0
9,184.0,153.0,160.0,176.0,156.0,99.0,91.0,132.0,150.0,226.0,177.0,99.0,76.0,71.0,59.0,57.0,61.0,59.0,59.0,56.0,72.0,83.0,155.0,228.0
10,290.0,191.0,276.0,249.0,186.0,172.0,289.0,300.0,282.0,311.0,315.0,247.0,23.0,31.0,32.0,33.0,42.0,40.0,50.0,62.0,86.0,63.0,76.0,56.0
11,46.0,42.0,54.0,42.0,24.0,40.0,26.0,42.0,72.0,41.0,264.0,215.0,130.0,77.0,60.0,51.0,50.0,48.0,52.0,58.0,81.0,68.0,76.0,94.0
12,88.0,74.0,94.0,93.0,102.0,121.0,90.0,85.0,167.0,286.0,305.0,301.0,200.0,92.0,81.0,76.0,88.0,95.0,74.0,74.0,128.0,302.0,191.0,162.0
13,99.0,79.0,94.0,98.0,76.0,66.0,81.0,92.0,143.0,242.0,316.0,303.0,223.0,153.0,117.0,81.0,65.0,73.0,70.0,78.0,74.0,82.0,117.0,192.0
14,208.0,229.0,303.0,313.0,263.0,230.0,185.0,183.0,164.0,182.0,164.0,129.0,80.0,81.0,81.0,72.0,61.0,46.0,67.0,81.0,92.0,198.0,221.0,156.0
15,229.0,307.0,318.0,317.0,320.0,306.0,264.0,189.0,149.0,217.0,238.0,212.0,208.0,145.0,87.0,87.0,75.0,73.0,76.0,90.0,94.0,154.0,,297.0
16,268.0,279.0,270.0,310.0,288.0,222.0,182.0,201.0,242.0,261.0,313.0,307.0,232.0,130.0,91.0,88.0,92.0,89.0,76.0,89.0,151.0,171.0,226.0,300.0
17,282.0,255.0,203.0,214.0,163.0,170.0,169.0,188.0,,,,,,,,,,,,,,,,
18,,,,,,,,,,,38.0,248.0,209.0,109.0,132.0,134.0,118.0,101.0,111.0,166.0,192.0,222.0,223.0,169.0
19,210.0,177.0,171.0,203.0,201.0,184.0,236.0,202.0,249.0,298.0,306.0,225.0,172.0,140.0,106.0,116.0,93.0,75.0,84.0,91.0,120.0,157.0,161.0,154.0
20,166.0,172.0,110.0,128.0,154.0,91.0,91.0,94.0,120.0,169.0,205.0,160.0,126.0,96.0,85.0,123.0,103.0,145.0,119.0,144.0,184.0,243.0,310.0,314.0
21,298.0,204.0,225.0,236.0,248.0,187.0,211.0,190.0,214.0,260.0,297.0,214.0,182.0,97.0,97.0,101.0,114.0,83.0,101.0,87.0,178.0,215.0,282.0,316.0
22,301.0,304.0,315.0,328.0,312.0,285.0,247.0,248.0,303.0,311.0,337.0,310.0,210.0,160.0,117.0,121.0,123.0,109.0,103.0,137.0,178.0,216.0,280.0,301.0
23,278.0,233.0,205.0,230.0,216.0,210.0,159.0,226.0,219.0,311.0,338.0,337.0,326.0,270.0,203.0,170.0,86.0,88.0,87.0,97.0,131.0,302.0,301.0,288.0
24,281.0,313.0,343.0,344.0,324.0,306.0,302.0,294.0,308.0,338.0,347.0,316.0,281.0,213.0,200.0,,,,,,,,,
25,,,,,,,,,,,,,,,,,,,243.0,387.0,327.0,322.0,319.0,339.0
26,331.0,332.0,338.0,345.0,350.0,326.0,306.0,268.0,280.0,320.0,327.0,303.0,263.0,246.0,250.0,181.0,105.0,77.0,77.0,90.0,88.0,170.0,195.0,217.0
27,214.0,239.0,246.0,203.0,202.0,261.0,271.0,242.0,273.0,315.0,327.0,335.0,318.0,252.0,213.0,154.0,108.0,102.0,126.0,108.0,167.0,286.0,312.0,335.0
28,330.0,349.0,355.0,347.0,322.0,312.0,329.0,325.0,322.0,309.0,322.0,320.0,244.0,212.0,198.0,185.0,178.0,166.0,158.0,172.0,200.0,259.0,289.0,304.0
29,309.0,323.0,319.0,304.0,313.0,314.0,297.0,300.0,317.0,353.0,376.0,325.0,290.0,257.0,214.0,190.0,178.0,176.0,179.0,187.0,199.0,246.0,327.0,400.0
30,403.0,344.0,295.0,252.0,287.0,321.0,378.0,357.0,313.0,352.0,398.0,352.0,214.0,33.0,77.0,80.0,77.0,80.0,81.0,88.0,114.0,133.0,209.0,202.0
31,229.0,227.0,193.0,168.0,196.0,204.0,301.0,50.0,53.0,51.0,32.0,271.0,169.0,114.0,107.0,92.0,73.0,66.0,53.0,71.0,94.0,95.0,97.0,121.0
"
"
